use waagtoren; -- ga naar TODO

-- laatste toevoeging 127 = Daniel Younk
insert into persoon (knsbNummer, naam) values
(108, "Aad Schuit"),
(106, "Abdulrashid Ayobi"),
(8363982, "Afshin Mehnavian"),
(7809285, "Albert van der Meiden"),
(126, "Alberto Alvarez Alonso"),
(7758014, "Alex Albrecht"),
(7731812, "Alexander Versluis"),
(8182416, "Andre Bremmers"),
(8617367, "Arend Noordam"),
(7269834, "Arie Boots"),
(7210137, "Arjen Dibbets"),
(8987176, "Bas Mazereeuw"),
(8271560, "Bernard Mohl"),
(6572511, "Bert Buitink"),
(6187885, "Bob de Mon"),
(114, "Bram Vink"),
(8484443, "Chaim Bookelman"),
(103, "Charles Stoorvogel"),
(7566031, "Corné van der Horst"),
(8400183, "Daan de Vetten"),
(8193548, "Daan de Vries"),
(7468417, "Daan Geerke"),
(127, "Daniel Younk"),
(7970094, "Danny de Ruiter"),
(7665834, "David Baanstra"),
(7649213, "Dick Bouma"),
(7359913, "Dimitri Reinderman"),
(7509920, "Dirk van der Meiden"),
(8372881, "Egbert van Oene"),
(8978717, "Ellen van der Hoeven"),
(120, "Emiel Heinis"),
(8865549, "Erno Brouwer"),
(7428960, "Frank Agter"),
(7657342, "Frank van Tellingen"),
(7544438, "Fred Driesse"),
(7419621, "Frits Leenart"),
(8144191, "Gerard Brouwers"),
(7129991, "Gerard de Geus"),
(8773633, "Gerard Kortooms"),
(7282033, "Gerrit Lemmen"),
(8073978, "Gerrit Peereboom"),
(7757409, "Gerrit Valk"),
(8716972, "Gijs Schaveling"),
(7824674, "Guido Florijn"),
(8580385, "Han Rauws"),
(115, "Harm Grouwstra"),
(8243312, "Harry Sluiter"),
(6335670, "Hebert Perez Garcia"),
(8314834, "Henk Kleijn"),
(6207520, "Henk van der Hauw"),
(6661721, "Herman Nijhuis"),
(7101193, "Jacob Bleijendaal"),
(7701122, "Jan Drewes"),
(7269900, "Jan Ens"),
(6214153, "Jan Poland"),
(8224502, "Jan van Gijsen"),
(8291877, "Jawdat Adib"),
(6483455, "Jeroen Smorenberg"),
(6951362, "Johan Plooijer"),
(7640798, "Johan Wester"),
(7535396, "John Leek"),
(8536319, "Jonathan Venema"),
(107, "Joris Beerda"),
(111, "Jorn Visser"),
(8580374, "Jos Bakker"),
(7099950, "Jos Vlaming"),
(8544646, "José van der Donk"),
(7079743, "Juan de Roda Husman"),
(8521480, "Julian de Boer"),
(7691728, "Karel Beentjes"),
(117, "Kees van Kuipers"),
(123, "Kees van Montfoort"),
(8552038, "Kevin Brands"),
(7838963, "Kevin Tan"),
(7227264, "Kiek Schouten"),
(8472409, "Klaas Jan Koedijk"),
(8305473, "Klaas Silver"),
(8335415, "Koos de Graaf"),
(6930957, "Leo van Steenoven"),
(7504310, "Leonard Haakman"),
(8461354, "Luuk van Steenoven"),
(8285574, "Maaike Keetman"),
(7561653, "Mariska de Mie"),
(8571453, "Marit de Boer"),
(7535385, "Marten Coerts"),
(8750093, "Martin Rep"),
(100, "Matheus de Boer"),
(8505585, "Max Bookelman"),
(8587337, "Max Hooijmans"),
(8587348, "Merijn Hooijmans"),
(8096242, "Michaël van Liempt"),
(124, "Michel Hollenberg"),
(113, "Michiel Doodeman"),
(8180810, "Midas Ratsma"),
(8547110, "Milan de Boer"),
(6192098, "Nico Brugman"),
(5968611, "Nico Hauwert"),
(7399469, "Nico Mak"),
(9, "niemand"),
(1, "niemand"),
(2, "niemand"),
(3, "niemand"),
(4, "niemand"),
(5, "niemand"),
(7, "niemand"),
(8, "niemand"),
(10, "niemand"),
(121, "Nol den Bekker"),
(122, "Olia Lutsiv"),
(0, "onbekend"),
(7582102, "Onno Vellinga"),
(97, "P.J. van Diepen"),
(7468362, "Paul Toepoel"),
(8485059, "Peter Duijs"),
(99, "Peter Glashouwer"),
(7099620, "Peter Hoekstra"),
(7613166, "Peter Kalisvaart"),
(6212404, "Peter van Diepen"),
(7739314, "Piet Pover"),
(7707084, "Ralph Versluis"),
(101, "Ramon Witte"),
(119, "Randy Roest"),
(8886625, "Richard Meijer"),
(7292043, "Rob Freer"),
(7502143, "Rob Heijink"),
(7828183, "Rob Konijn"),
(7579154, "Robbert Waas"),
(8827588, "Roel Boesenkool"),
(109, "Ron van den Bogert"),
(7546242, "Ronald Brink"),
(7707832, "Ronald Groot"),
(7321534, "Ronald Kamps"),
(8472530, "Rosa Leek"),
(116, "Ruard Born"),
(8323029, "Runa de Vries"),
(6225934, "Ruud Adema"),
(7699010, "Ruud Niewenhuis"),
(8931098, "Sander Jagersma"),
(8547946, "Sander Meijer"),
(104, "Sietske de Greeuw"),
(110, "Tansu Madencioglu"),
(8276752, "Theo Bakker"),
(7518203, "Theo de Bruijn"),
(8112654, "Ton Fasel"),
(8611922, "Tycho Bakker"),
(7879520, "Vincent Pandelaar"),
(8956805, "Vjekoslav Nemec"),
(7529522, "Willem Meyles"),
(125, "Willemijn Jilink"),
(7904589, "Wim Nieland"),
(7063881, "Wim van Dijk"),
(7584566, "Yong Hoon de Rover"),
(7771665, "Yvonne Schol");

insert into speler (seizoen, nhsbTeam, knsbTeam, knsbNummer, knsbRating, datum, interneRating, intern1, intern2, intern3, intern4, intern5) values
("2223", "", "", 101, 1000, '2022-09-05', 1000, "int", "ira", "", "", ""),
("2223", "", "", 103, 1000, '2022-09-05', 1000, "int", "ira", "", "", ""),
("2223", "", "", 106, 0, '2022-09-23', 1600, "int", "ira", "", "", ""),
("2223", "", "", 117, 1000, '2022-09-05', 1000, "int", "ira", "", "", ""),
("2223", "", "", 120, 0, '2022-09-25', 1000, "int", "ira", "", "", ""),
("2223", "", "", 121, 1000, '2022-09-05', 1000, "int", "ira", "", "", ""),
("2223", "", "", 123, 1000, '2022-09-05', 1000, "int", "ira", "", "", ""),
("2223", "", "", 124, 1000, '2022-09-05', 1000, "int", "ira", "", "", ""),
("2223", "", "", 125, 1000, '2022-09-05', 1000, "int", "ira", "", "", ""),
("2223", "", "", 126, 1997, '2022-09-05', 1997, "int", "ira", "", "", ""),
("2223", "", "", 127, 1000, '2022-09-05', 1000, "int", "ira", "", "", ""),
("2223", "", "", 5968611, 2118, '2022-10-04', 2118, "", "", "", "", ""),
("2223", "", "", 6187885, 1358, '2022-09-05', 1358, "int", "ira", "", "", ""),
("2223", "", "", 6192098, 1471, '2022-09-05', 1471, "int", "ira", "", "", ""),
("2223", "", "", 6207520, 0, '2022-09-18', 1700, "int", "ira", "", "", ""),
("2223", "nv1", "4", 6212404, 1605, '2022-11-11', 1605, "int", "ira", "", "", ""),
("2223", "n3", "", 6214153, 1791, '2022-09-29', 1791, "int", "ira", "", "", ""),
("2223", "n1", "2", 6225934, 1918, '2022-09-15', 1918, "int", "ira", "", "", ""),
("2223", "", "2", 6335670, 2105, '2022-09-15', 2105, "", "", "", "", ""),
("2223", "", "2", 6483455, 2120, '2022-09-15', 2120, "", "", "", "", ""),
("2223", "", "3", 6572511, 1901, '2022-09-15', 1901, "int", "ira", "", "", ""),
("2223", "", "", 6930957, 1908, '2022-09-05', 1908, "int", "ira", "", "", ""),
("2223", "", "", 6951362, 1738, '2022-09-05', 1738, "int", "ira", "", "", ""),
("2223", "n1", "", 7099620, 2018, '2022-09-15', 2018, "int", "ira", "", "", ""),
("2223", "n1", "1", 7099950, 2084, '2022-09-15', 2084, "int", "ira", "", "", ""),
("2223", "", "", 7101193, 1547, '2022-09-05', 1547, "int", "ira", "", "", ""),
("2223", "n1", "2", 7129991, 1912, '2022-09-15', 1912, "int", "ira", "", "", ""),
("2223", "n3", "", 7210137, 1701, '2022-09-29', 1701, "int", "ira", "", "", ""),
("2223", "", "", 7269834, 1573, '2022-09-05', 1573, "int", "ira", "", "", ""),
("2223", "", "", 7269900, 1707, '2022-10-07', 1707, "int", "ira", "", "", ""),
("2223", "n3", "4", 7282033, 1724, '2022-09-29', 1724, "int", "ira", "", "", ""),
("2223", "", "", 7292043, 1712, '2022-09-05', 1712, "int", "ira", "", "", ""),
("2223", "nv1", "", 7321534, 1527, '2022-11-03', 1527, "int", "ira", "", "", ""),
("2223", "", "1", 7359913, 2543, '2022-09-14', 2543, "", "", "", "", ""),
("2223", "", "4", 7399469, 1681, '2022-09-21', 1681, "int", "ira", "", "", ""),
("2223", "", "", 7419621, 1670, '2022-09-05', 1670, "int", "ira", "", "", ""),
("2223", "n1", "1", 7428960, 2204, '2022-09-15', 2204, "int", "ira", "", "", ""),
("2223", "n2", "", 7468362, 1819, '2022-09-15', 1819, "", "", "", "", ""),
("2223", "", "1", 7468417, 2082, '2022-09-15', 2082, "", "", "", "", ""),
("2223", "", "", 7502143, 1669, '2022-09-05', 1669, "int", "ira", "", "", ""),
("2223", "n2", "3", 7504310, 1793, '2022-09-15', 1793, "", "", "", "", ""),
("2223", "", "2", 7509920, 1999, '2022-09-15', 1999, "", "", "", "", ""),
("2223", "nv1", "", 7518203, 1554, '2022-11-03', 1554, "int", "ira", "", "", ""),
("2223", "n2", "", 7529522, 1874, '2022-09-15', 1874, "int", "ira", "", "", ""),
("2223", "", "3", 7535385, 1846, '2022-09-15', 1846, "int", "ira", "", "", ""),
("2223", "", "", 7535396, 1863, '2022-09-05', 1863, "int", "ira", "", "", ""),
("2223", "", "", 7544438, 1871, '2022-09-05', 1871, "int", "ira", "", "", ""),
("2223", "", "", 7582102, 1281, '2022-09-05', 1281, "int", "ira", "", "", ""),
("2223", "", "1", 7584566, 2314, '2022-10-18', 2314, "ira", "", "", "", ""),
("2223", "n1", "", 7613166, 1984, '2022-09-15', 1984, "int", "ira", "", "", ""),
("2223", "", "", 7640798, 1881, '2022-09-05', 1881, "int", "ira", "", "", ""),
("2223", "", "4", 7649213, 1704, '2022-09-21', 1704, "int", "ira", "", "", ""),
("2223", "", "1", 7657342, 2298, '2022-09-14', 2298, "", "", "", "", ""),
("2223", "", "", 7665834, 1942, '2022-09-05', 1942, "int", "ira", "", "", ""),
("2223", "nv2", "", 7691728, 1414, '2022-11-03', 1414, "int", "ira", "", "", ""),
("2223", "", "3", 7699010, 1772, '2022-09-15', 1772, "int", "ira", "", "", ""),
("2223", "", "", 7707084, 1000, '2022-09-05', 1000, "int", "ira", "", "", ""),
("2223", "n1", "2", 7707832, 1936, '2022-09-15', 1936, "int", "ira", "", "", ""),
("2223", "n3", "", 7731812, 1700, '2022-09-29', 1700, "int", "ira", "", "", ""),
("2223", "", "", 7757409, 1771, '2022-10-07', 1771, "", "", "", "", ""),
("2223", "", "3", 7758014, 1771, '2022-09-15', 1771, "int", "ira", "", "", ""),
("2223", "", "", 7771665, 1213, '2022-10-05', 1213, "int", "ira", "", "", ""),
("2223", "", "4", 7809285, 1793, '2022-09-21', 1793, "int", "ira", "", "", ""),
("2223", "", "", 7824674, 1840, '2022-09-06', 1840, "int", "ira", "", "", ""),
("2223", "", "1", 7828183, 2101, '2022-09-15', 2101, "", "", "", "", ""),
("2223", "", "2", 7879520, 2002, '2022-09-15', 2002, "", "", "", "", ""),
("2223", "", "", 7904589, 1758, '2022-09-05', 1758, "int", "ira", "", "", ""),
("2223", "n1", "1", 7970094, 2280, '2022-09-15', 2280, "int", "ira", "", "", ""),
("2223", "nv1", "", 8073978, 1425, '2022-11-03', 1425, "int", "ira", "", "", ""),
("2223", "", "", 8096242, 2147, '2022-09-05', 2147, "int", "ira", "", "", ""),
("2223", "", "2", 8112654, 1896, '2022-09-15', 1896, "int", "ira", "", "", ""),
("2223", "nv2", "", 8144191, 0, '2022-11-01', 1000, "", "", "", "", ""),
("2223", "", "", 8224502, 1579, '2022-09-05', 1579, "int", "ira", "", "", ""),
("2223", "", "", 8243312, 1000, '2022-09-05', 1000, "int", "ira", "", "", ""),
("2223", "n3", "4", 8276752, 1725, '2022-09-29', 1725, "int", "ira", "", "", ""),
("2223", "", "1", 8285574, 2166, '2022-09-15', 2166, "", "", "", "", ""),
("2223", "", "", 8291877, 1707, '2022-10-26', 1707, "int", "ira", "", "", ""),
("2223", "", "", 8335415, 1229, '2022-09-05', 1229, "int", "ira", "", "", ""),
("2223", "n3", "", 8372881, 1751, '2022-09-29', 1751, "int", "ira", "", "", ""),
("2223", "n2", "3", 8400183, 1623, '2022-09-15', 1623, "int", "ira", "", "", ""),
("2223", "", "4", 8472530, 1363, '2022-09-21', 1363, "int", "ira", "", "", ""),
("2223", "n2", "3", 8484443, 1805, '2022-09-15', 1805, "int", "ira", "", "", ""),
("2223", "", "4", 8485059, 1576, '2022-09-21', 1576, "int", "ira", "", "", ""),
("2223", "", "", 8547946, 1000, '2022-09-06', 1000, "int", "ira", "", "", ""),
("2223", "n2", "3", 8587337, 1706, '2022-09-15', 1706, "int", "ira", "", "", ""),
("2223", "n2", "1", 8611922, 1807, '2022-09-15', 1807, "int", "ira", "", "", ""),
("2223", "", "", 8617367, 1441, '2022-09-06', 1441, "int", "ira", "", "", ""),
("2223", "n2", "", 8750093, 1702, '2022-09-15', 1702, "int", "ira", "", "", ""),
("2223", "", "", 8865549, 1000, '2022-09-05', 1000, "int", "ira", "", "", ""),
("2223", "", "", 8886625, 1000, '2022-09-06', 1000, "int", "ira", "", "", ""),
("2223", "nv2", "", 8931098, 1000, '2022-11-03', 1000, "int", "ira", "", "", ""),
("2223", "", "", 8956805, 2228, '2022-09-15', 2228, "", "", "", "", ""),
("2223", "nv2", "", 8978717, 0, '2022-11-03', 1000, "", "", "", "", ""),
("2223", "", "", 8987176, 0, '2022-09-28', 1000, "int", "ira", "", "", "");

insert into team (seizoen, teamCode, bond, poule, omschrijving, borden, teamleider) values
("2223", "", "", "", "geen", 0, 0),
("2223", "1", "k", "1a", "KNSB 1a", 10, 6214153), -- Jan Poland
("2223", "2", "k", "3d", "KNSB 3d", 8, 7129991), -- Gerard de Geus
("2223", "3", "k", "4d", "KNSB 4d", 8, 7758014), -- Alex Albrecht
("2223", "4", "k", "6c", "KNSB 6c", 8, 6212404), -- Peter van Diepen
("2223", "int", "i", "nt", "interne competitie", 0, 0),
("2223", "ira", "i", "ra", "rapid competitie", 0, 0),
("2223", "kbe", "k", "be", "KNSB beker", 4, 6214153), -- Jan Poland
("2223", "n1", "n", "t", "NHSB top", 8, 7428960), -- Frank Agter
("2223", "n2", "n", "1a", "NHSB 1a", 8, 7529522), -- Willem Meyles
("2223", "n3", "n", "2b", "NHSB 2b", 6, 6214153), -- Jan Poland
("2223", "nv1", "n", "vf", "NHSB vf", 4, 7321534), -- Ronald Kamps
("2223", "nv2", "n", "vb", "NHSB vb", 4, 7691728); -- Karel Beentjes

use waagtoren;
select t.*, naam from team t join persoon p on t.teamleider = p.knsbNummer where seizoen = "2223";

update team set borden = 6 where seizoen = "2223" and teamCode ="n3";
update team set teamleider = 7428960 where seizoen = "2223" and teamCode ="n1";
update team set teamleider = 7529522 where seizoen = "2223" and teamCode ="n2";
update team set teamleider = 6214153 where seizoen = "2223" and teamCode ="n3";
update team set teamleider = 6214153 where seizoen = "2223" and teamCode ="kbe";
update team set teamleider = 7321534 where seizoen = "2223" and teamCode ="nv1";
update team set teamleider = 7691728 where seizoen = "2223" and teamCode ="nv2";

-- interne en rapid competitie
insert into ronde (seizoen, teamCode, rondeNummer, uithuis, tegenstander, datum) values
("2223", "int", 1, "t", "", '2022-09-06'),
("2223", "int", 2, "t", "", '2022-09-13'),
("2223", "int", 3, "t", "", '2022-09-20'),
("2223", "int", 4, "t", "", '2022-09-27'),
("2223", "int", 5, "t", "", '2022-10-04'),
("2223", "int", 6, "t", "", '2022-10-11'),
("2223", "int", 7, "t", "", '2022-10-25'),
("2223", "int", 8, "t", "", '2022-11-01'),
("2223", "int", 9, "t", "", '2022-11-08'),
("2223", "int", 10, "t", "", '2022-11-15'),
("2223", "int", 11, "t", "", '2022-11-22'),
("2223", "int", 12, "t", "", '2022-11-29'),
("2223", "int", 13, "t", "", '2022-12-06'),
("2223", "int", 14, "t", "", '2022-12-13'),
("2223", "int", 15, "t", "", '2023-01-03'),
("2223", "int", 16, "t", "", '2023-01-10'),
("2223", "int", 17, "t", "", '2023-01-17'),
("2223", "int", 18, "t", "", '2023-01-31'),
("2223", "int", 19, "t", "", '2023-02-07'),
("2223", "int", 20, "t", "", '2023-02-14'),
("2223", "int", 21, "t", "", '2023-02-21'),
("2223", "int", 22, "t", "", '2023-03-07'),
("2223", "int", 23, "t", "", '2023-03-14'),
("2223", "int", 24, "t", "", '2023-03-21'),
("2223", "int", 25, "t", "", '2023-03-28'),
("2223", "int", 26, "t", "", '2023-04-04'),
("2223", "int", 27, "t", "", '2023-04-11'),
("2223", "int", 28, "t", "", '2023-04-18'),
("2223", "int", 29, "t", "", '2023-04-25'),
("2223", "int", 30, "t", "", '2023-05-09'),
("2223", "int", 31, "t", "", '2023-05-16'),
("2223", "int", 32, "t", "", '2023-05-23'),
("2223", "int", 33, "t", "", '2023-05-30');

select * from uitslag where seizoen = "2223" and teamCode = "ira";
delete from uitslag where seizoen = "2223" and teamCode = "ira";

select * from ronde where seizoen = "2223" and teamCode = "ira";
delete from ronde where seizoen = "2223" and teamCode = "ira";

insert into ronde (seizoen, teamCode, rondeNummer, uithuis, tegenstander, datum) values
("2223", "ira", 1, "t", "", '2022-12-02'),
("2223", "ira", 2, "t", "", '2022-12-03'),
("2223", "ira", 3, "t", "", '2022-12-03');

select * from uitslag where seizoen = "2223" and teamCode = "int" and knsbNummer in(8865549, 124) and rondeNummer = 10;
select * from uitslag where seizoen = "2223" and teamCode = "int" and bordNummer = 14 and rondeNummer = 10;

update uitslag set bordNummer = 0, partij = "w", witZwart = "", tegenstanderNummer = 0, resultaat = "" 
where seizoen = "2223" and teamCode = "int" and knsbNummer = 8865549 and rondeNummer = 10; 
update uitslag set bordNummer = 0, partij = "a", witZwart = "", tegenstanderNummer = 0, resultaat = "" 
where seizoen = "2223" and teamCode = "int" and knsbNummer = 124 and rondeNummer =10; 

-- KNSB competitie
insert into ronde (seizoen, teamCode, rondeNummer, uithuis, tegenstander, datum) values
('2223', '1', '1', 't', 'En Passant 1', '2022-09-17'),
('2223', '1', '2', 'u', 'HWP Haarlem 1', '2022-10-08'),
('2223', '1', '3', 'u', 'Caissa-Eenhoorn 1', '2022-11-05'),
('2223', '1', '4', 't', 'LSG 2', '2022-11-26'),
('2223', '1', '5', 'u', 'MSV 1', '2022-12-17'),
('2223', '1', '6', 't', 'Philidor 1847 1', '2023-02-11'),
('2223', '1', '7', 'u', 'Caissa 1', '2023-03-11'),
('2223', '1', '8', 't', 'Purmerend 1', '2023-04-01'),
('2223', '1', '9', 'u', 'Wageningen 1', '2023-04-22'),
('2223', '2', '1', 't', 'Santpoort 1', '2022-09-17'),
('2223', '2', '2', 'u', 'HWP Haarlem 2', '2022-10-08'),
('2223', '2', '3', 'u', 'Amsterdam Berserkers 1', '2022-11-05'),
('2223', '2', '4', 't', 'Het Spaarne 1', '2022-11-26'),
('2223', '2', '5', 'u', 'Aartswoud 1', '2022-12-17'),
('2223', '2', '6', 't', 'Paul Keres 3', '2023-02-11'),
('2223', '2', '7', 'u', 'Caissa 2', '2023-03-11'),
('2223', '2', '8', 't', 'De Wijker Toren 2', '2023-04-01'),
('2223', '2', '9', 'u', 'ZSC-HWP Combinatie 1', '2023-04-22'),
('2223', '3', '1', 't', 'Volendam 1', '2022-09-17'),
('2223', '3', '2', 'u', 'HWP Haarlem 3', '2022-10-08'),
('2223', '3', '3', 'u', 'Caissa-Eenhoorn 2', '2022-11-05'),
('2223', '3', '4', 't', 'Bergen 1', '2022-11-26'),
('2223', '3', '5', 'u', 'ZSC-HWP Combinatie 3', '2022-12-17'),
('2223', '3', '6', 't', 'Heerhugowaard 1', '2023-02-11'),
('2223', '3', '7', 'u', 'Kennemer Combinatie 3', '2023-03-11'),
('2223', '3', '8', 't', 'Purmerend 2', '2023-04-01'),
('2223', '3', '9', 'u', 'HWP-ZSC Combinatie 2', '2023-04-22'),
('2223', '4', '1', 'u', 'HWP Haarlem 5', '2022-10-08'),
('2223', '4', '2', 'u', 'VAS 6', '2022-11-05'),
('2223', '4', '3', 't', 'Combiteam KL 2', '2022-11-26'),
('2223', '4', '4', 'u', 'ZSC-Saende Combinatie 4', '2022-12-17'),
('2223', '4', '5', 't', 'Magnus Anna Paulowna Combinatie 3', '2023-02-11'),
('2223', '4', '6', 'u', 'Almere 4', '2023-03-11'),
("2223", "kbe", 1, "u", "Bergen", '2022-10-27');

use waagtoren;
select * from ronde where seizoen = '2223' and teamCode = 'kbe';
select * from uitslag where seizoen = '2223' and teamCode = 'kbe' and rondeNummer = 2;


update ronde set datum = '2022-12-06' where seizoen = '2223' and teamCode = 'kbe' and rondeNummer = 2;
update uitslag set datum = '2022-12-06' where seizoen = '2223' and teamCode = 'kbe' and rondeNummer = 2;

insert into ronde (seizoen, teamCode, rondeNummer, uithuis, tegenstander, datum) values

("2223", "kbe", 2, "u", "Caissa-Eenhoorn", '2022-12-03');

-- NHSB competitie
insert into ronde (seizoen, teamCode, rondeNummer, uithuis, tegenstander, datum) values
('2223', 'n1', '1', 'u', 'Kennemer Combinatie N1', '2022-09-30'),
('2223', 'n1', '2', 't', 'De Wijker Toren N1', '2022-10-25'),
('2223', 'n1', '3', 'u', 'De Uil N1', '2022-11-14'),
('2223', 'n1', '4', 't', 'Aartswoud N1', '2023-01-10'),
('2223', 'n1', '5', 'u', 'Bloemendaal N1', '2023-02-01'),
('2223', 'n1', '6', 't', 'Krommenie N1', '2023-02-21'),
('2223', 'n1', '7', 'u', 'Chess Society Zandvoort N1', '2023-03-24'),
('2223', 'n1', '8', 't', 'HWP Haarlem N1', '2023-04-11'),
('2223', 'n2', '1', 'u', 'En Passant N1', '2022-09-24'),
('2223', 'n2', '2', 't', 'Purmerend N1', '2022-10-25'),
('2223', 'n2', '3', 'u', 'Vredeburg N1', '2022-11-18'),
('2223', 'n2', '4', 't', 'Noordkopcombinatie Magnus N1', '2022-12-06'),
('2223', 'n2', '5', 'u', 'Caïssa-Eenhoorn N1', '2023-01-31'),
('2223', 'n2', '6', 't', 'Opening ''64 N1', '2023-02-21'),
('2223', 'n2', '7', 'u', 'KTV N1', '2023-03-24'),
('2223', 'n3', '1', 'u', 'Castricum N1', '2022-10-14'),
('2223', 'n3', '2', 't', 'Bergen N', '2022-11-08'),
('2223', 'n3', '3', 'u', 'Krommenie N2', '2022-11-29'),
('2223', 'n3', '4', 't', 'Oppositie N', '2023-02-14'),
('2223', 'n3', '5', 'u', 'Koedijk N1', '2023-03-14'),
("2223", "nv1", 1, "u", "Santpoort V", '2022-11-22'),
("2223", "nv1", 2, "t", "Het Spaarne V2", '2022-12-13'),
("2223", "nv1", 3, "u", "Wijker Toren V1", '2023-01-12'),
("2223", "nv1", 4, "t", "Santpoort V", '2023-02-07'),
("2223", "nv1", 5, "t", "Wijker Toren V1", '2023-03-07'),
("2223", "nv1", 6, "u", "Het Spaarne V2", '2023-03-30'),
("2223", "nv2", 1, "t", "Castricum V", '2022-11-22'),
("2223", "nv2", 2, "u", "Heerhugowaard V", '2022-12-15'),
("2223", "nv2", 3, "t", "Vredeburg V2", '2023-01-10'),
("2223", "nv2", 4, "u", "Castricum V", '2023-02-10'),
("2223", "nv2", 5, "u", "Vredeburg V2", '2023-03-10'),
("2223", "nv2", 6, "t", "Heerhugowaard V", '2023-03-28');

-- ronde 1 interne competitie
insert into uitslag (seizoen, teamCode, rondeNummer, bordNummer, knsbNummer, partij, witZwart, tegenstanderNummer, resultaat, datum, anderTeam) values
("2223", "int", 1, 0, 101, "a", "", 0, "", '2022-09-06', "int"),
("2223", "int", 1, 0, 106, "a", "", 0, "", '2022-09-06', "int"),
("2223", "int", 1, 0, 120, "a", "", 0, "", '2022-09-06', "int"),
("2223", "int", 1, 0, 126, "a", "", 0, "", '2022-09-06', "int"),
("2223", "int", 1, 0, 6207520, "a", "", 0, "", '2022-09-06', "int"),
("2223", "int", 1, 0, 8987176, "a", "", 0, "", '2022-09-06', "int"),
("2223", "int", 1, 0, 6951362, "a", "", 0, "", '2022-09-06', "int"),
("2223", "int", 1, 0, 7099620, "a", "", 0, "", '2022-09-06', "int"),
("2223", "int", 1, 0, 7269834, "a", "", 0, "", '2022-09-06', "int"),
("2223", "int", 1, 0, 7535385, "a", "", 0, "", '2022-09-06', "int"),
("2223", "int", 1, 0, 7544438, "a", "", 0, "", '2022-09-06', "int"),
("2223", "int", 1, 0, 7649213, "a", "", 0, "", '2022-09-06', "int"),
("2223", "int", 1, 0, 7657342, "a", "", 0, "", '2022-09-06', "int"),
("2223", "int", 1, 0, 7707832, "a", "", 0, "", '2022-09-06', "int"),
("2223", "int", 1, 0, 7824674, "a", "", 0, "", '2022-09-06', "int"),
("2223", "int", 1, 0, 7904589, "a", "", 0, "", '2022-09-06', "int"),
("2223", "int", 1, 0, 7970094, "a", "", 0, "", '2022-09-06', "int"),
("2223", "int", 1, 0, 8224502, "a", "", 0, "", '2022-09-06', "int"),
("2223", "int", 1, 0, 8243312, "a", "", 0, "", '2022-09-06', "int"),
("2223", "int", 1, 0, 8400183, "a", "", 0, "", '2022-09-06', "int"),
("2223", "int", 1, 0, 8472530, "a", "", 0, "", '2022-09-06', "int"),
("2223", "int", 1, 0, 8865549, "a", "", 0, "", '2022-09-06', "int"),
("2223", "int", 1, 0, 6212404, "o", "", 0, "", '2022-09-06', "int"),
("2223", "int", 1, 1, 7640798, "i", "w", 7428960, "0", '2022-09-06', "int"),
("2223", "int", 1, 1, 7428960, "i", "z", 7640798, "1", '2022-09-06', "int"),
("2223", "int", 1, 2, 7099950, "i", "w", 7529522, "1", '2022-09-06', "int"),
("2223", "int", 1, 2, 7529522, "i", "z", 7099950, "0", '2022-09-06', "int"),
("2223", "int", 1, 3, 7535396, "i", "w", 7613166, "½", '2022-09-06', "int"),
("2223", "int", 1, 3, 7613166, "i", "z", 7535396, "½", '2022-09-06', "int"),
("2223", "int", 1, 4, 6225934, "i", "w", 8611922, "0", '2022-09-06', "int"),
("2223", "int", 1, 4, 8611922, "i", "z", 6225934, "1", '2022-09-06', "int"),
("2223", "int", 1, 5, 8484443, "i", "w", 7129991, "0", '2022-09-06', "int"),
("2223", "int", 1, 5, 7129991, "i", "z", 8484443, "1", '2022-09-06', "int"),
("2223", "int", 1, 6, 7699010, "i", "w", 6572511, "1", '2022-09-06', "int"),
("2223", "int", 1, 6, 6572511, "i", "z", 7699010, "0", '2022-09-06', "int"),
("2223", "int", 1, 7, 7758014, "i", "w", 8112654, "1", '2022-09-06', "int"),
("2223", "int", 1, 7, 8112654, "i", "z", 7758014, "0", '2022-09-06', "int"),
("2223", "int", 1, 8, 7731812, "i", "w", 8372881, "0", '2022-09-06', "int"),
("2223", "int", 1, 8, 8372881, "i", "z", 7731812, "1", '2022-09-06', "int"),
("2223", "int", 1, 9, 8276752, "i", "w", 7399469, "0", '2022-09-06', "int"),
("2223", "int", 1, 9, 7399469, "i", "z", 8276752, "1", '2022-09-06', "int"),
("2223", "int", 1, 10, 7419621, "i", "w", 7282033, "0", '2022-09-06', "int"),
("2223", "int", 1, 10, 7282033, "i", "z", 7419621, "1", '2022-09-06', "int"),
("2223", "int", 1, 11, 7292043, "i", "w", 7502143, "0", '2022-09-06', "int"),
("2223", "int", 1, 11, 7502143, "i", "z", 7292043, "1", '2022-09-06', "int"),
("2223", "int", 1, 12, 8485059, "i", "w", 8587337, "0", '2022-09-06', "int"),
("2223", "int", 1, 12, 8587337, "i", "z", 8485059, "1", '2022-09-06', "int"),
("2223", "int", 1, 13, 8750093, "i", "w", 7518203, "1", '2022-09-06', "int"),
("2223", "int", 1, 13, 7518203, "i", "z", 8750093, "0", '2022-09-06', "int"),
("2223", "int", 1, 14, 7101193, "i", "w", 7210137, "0", '2022-09-06', "int"),
("2223", "int", 1, 14, 7210137, "i", "z", 7101193, "1", '2022-09-06', "int"),
("2223", "int", 1, 15, 8931098, "i", "w", 7321534, "0", '2022-09-06', "int"),
("2223", "int", 1, 15, 7321534, "i", "z", 8931098, "1", '2022-09-06', "int"),
("2223", "int", 1, 16, 6192098, "i", "w", 127, "1", '2022-09-06', "int"),
("2223", "int", 1, 16, 127, "i", "z", 6192098, "0", '2022-09-06', "int"),
("2223", "int", 1, 17, 125, "i", "w", 8617367, "0", '2022-09-06', "int"),
("2223", "int", 1, 17, 8617367, "i", "z", 125, "1", '2022-09-06', "int"),
("2223", "int", 1, 18, 8073978, "i", "w", 124, "1", '2022-09-06', "int"),
("2223", "int", 1, 18, 124, "i", "z", 8073978, "0", '2022-09-06', "int"),
("2223", "int", 1, 19, 6187885, "i", "w", 123, "0", '2022-09-06', "int"),
("2223", "int", 1, 19, 123, "i", "z", 6187885, "1", '2022-09-06', "int"),
("2223", "int", 1, 20, 7582102, "i", "w", 105, "0", '2022-09-06', "int"),
("2223", "int", 1, 20, 105, "i", "z", 7582102, "1", '2022-09-06', "int"),
("2223", "int", 1, 21, 103, "i", "w", 7771665, "1", '2022-09-06', "int"),
("2223", "int", 1, 21, 7771665, "i", "z", 103, "0", '2022-09-06', "int"),
("2223", "int", 1, 22, 7691728, "i", "w", 7269900, "0", '2022-09-06', "int"),
("2223", "int", 1, 22, 7269900, "i", "z", 7691728, "1", '2022-09-06', "int");

-- ronde 2 interne competitie
insert into uitslag (seizoen, teamCode, rondeNummer, bordNummer, knsbNummer, partij, witZwart, tegenstanderNummer, resultaat, datum, anderTeam) values
("2223", "int", 2, 0, 106, "a", "", 0, "", '2022-09-13', "int"),
("2223", "int", 2, 0, 120, "a", "", 0, "", '2022-09-13', "int"),
("2223", "int", 2, 0, 125, "a", "", 0, "", '2022-09-13', "int"),
("2223", "int", 2, 0, 126, "a", "", 0, "", '2022-09-13', "int"),
("2223", "int", 2, 0, 6207520, "a", "", 0, "", '2022-09-13', "int"),
("2223", "int", 2, 0, 8987176, "a", "", 0, "", '2022-09-13', "int"),
("2223", "int", 2, 0, 6951362, "a", "", 0, "", '2022-09-13', "int"),
("2223", "int", 2, 0, 7099620, "a", "", 0, "", '2022-09-13', "int"),
("2223", "int", 2, 0, 7129991, "a", "", 0, "", '2022-09-13', "int"),
("2223", "int", 2, 0, 7269834, "a", "", 0, "", '2022-09-13', "int"),
("2223", "int", 2, 0, 7321534, "a", "", 0, "", '2022-09-13', "int"),
("2223", "int", 2, 0, 7428960, "a", "", 0, "", '2022-09-13', "int"),
("2223", "int", 2, 0, 7529522, "a", "", 0, "", '2022-09-13', "int"),
("2223", "int", 2, 0, 7535385, "a", "", 0, "", '2022-09-13', "int"),
("2223", "int", 2, 0, 7544438, "a", "", 0, "", '2022-09-13', "int"),
("2223", "int", 2, 0, 7582102, "a", "", 0, "", '2022-09-13', "int"),
("2223", "int", 2, 0, 7649213, "a", "", 0, "", '2022-09-13', "int"),
("2223", "int", 2, 0, 7657342, "a", "", 0, "", '2022-09-13', "int"),
("2223", "int", 2, 0, 7691728, "a", "", 0, "", '2022-09-13', "int"),
("2223", "int", 2, 0, 7699010, "a", "", 0, "", '2022-09-13', "int"),
("2223", "int", 2, 0, 7824674, "a", "", 0, "", '2022-09-13', "int"),
("2223", "int", 2, 0, 7904589, "a", "", 0, "", '2022-09-13', "int"),
("2223", "int", 2, 0, 7970094, "a", "", 0, "", '2022-09-13', "int"),
("2223", "int", 2, 0, 8276752, "a", "", 0, "", '2022-09-13', "int"),
("2223", "int", 2, 0, 8484443, "a", "", 0, "", '2022-09-13', "int"),
("2223", "int", 2, 0, 8485059, "a", "", 0, "", '2022-09-13', "int"),
("2223", "int", 2, 0, 8865549, "a", "", 0, "", '2022-09-13', "int"),
("2223", "int", 2, 1, 8611922, "i", "w", 7099950, "½", '2022-09-13', "int"),
("2223", "int", 2, 1, 7099950, "i", "z", 8611922, "½", '2022-09-13', "int"),
("2223", "int", 2, 2, 8372881, "i", "w", 7758014, "½", '2022-09-13', "int"),
("2223", "int", 2, 2, 7758014, "i", "z", 8372881, "½", '2022-09-13', "int"),
("2223", "int", 2, 3, 7502143, "i", "w", 7399469, "1", '2022-09-13', "int"),
("2223", "int", 2, 3, 7399469, "i", "z", 7502143, "0", '2022-09-13', "int"),
("2223", "int", 2, 4, 7282033, "i", "w", 6212404, "0", '2022-09-13', "int"),
("2223", "int", 2, 4, 6212404, "i", "z", 7282033, "1", '2022-09-13', "int"),
("2223", "int", 2, 5, 8587337, "i", "w", 8750093, "0", '2022-09-13', "int"),
("2223", "int", 2, 5, 8750093, "i", "z", 8587337, "1", '2022-09-13', "int"),
("2223", "int", 2, 6, 7269900, "i", "w", 7210137, "0", '2022-09-13', "int"),
("2223", "int", 2, 6, 7210137, "i", "z", 7269900, "1", '2022-09-13', "int"),
("2223", "int", 2, 7, 8617367, "i", "w", 6192098, "½", '2022-09-13', "int"),
("2223", "int", 2, 7, 6192098, "i", "z", 8617367, "½", '2022-09-13', "int"),
("2223", "int", 2, 8, 103, "i", "w", 8073978, "0", '2022-09-13', "int"),
("2223", "int", 2, 8, 8073978, "i", "z", 103, "1", '2022-09-13', "int"),
("2223", "int", 2, 9, 123, "i", "w", 105, "0", '2022-09-13', "int"),
("2223", "int", 2, 9, 105, "i", "z", 123, "1", '2022-09-13', "int"),
("2223", "int", 2, 10, 7707832, "i", "w", 7535396, "½", '2022-09-13', "int"),
("2223", "int", 2, 10, 7535396, "i", "z", 7707832, "½", '2022-09-13', "int"),
("2223", "int", 2, 11, 7613166, "i", "w", 8400183, "1", '2022-09-13', "int"),
("2223", "int", 2, 11, 8400183, "i", "z", 7613166, "0", '2022-09-13', "int"),
("2223", "int", 2, 12, 8472530, "i", "w", 8224502, "1", '2022-09-13', "int"),
("2223", "int", 2, 12, 8224502, "i", "z", 8472530, "0", '2022-09-13', "int"),
("2223", "int", 2, 13, 101, "i", "w", 8243312, "0", '2022-09-13', "int"),
("2223", "int", 2, 13, 8243312, "i", "z", 101, "1", '2022-09-13', "int"),
("2223", "int", 2, 14, 6225934, "i", "w", 7640798, "½", '2022-09-13', "int"),
("2223", "int", 2, 14, 7640798, "i", "z", 6225934, "½", '2022-09-13', "int"),
("2223", "int", 2, 15, 8112654, "i", "w", 6572511, "½", '2022-09-13', "int"),
("2223", "int", 2, 15, 6572511, "i", "z", 8112654, "½", '2022-09-13', "int"),
("2223", "int", 2, 16, 7419621, "i", "w", 7731812, "1", '2022-09-13', "int"),
("2223", "int", 2, 16, 7731812, "i", "z", 7419621, "0", '2022-09-13', "int"),
("2223", "int", 2, 17, 7518203, "i", "w", 7101193, "½", '2022-09-13', "int"),
("2223", "int", 2, 17, 7101193, "i", "z", 7518203, "½", '2022-09-13', "int"),
("2223", "int", 2, 18, 8931098, "i", "w", 7292043, "0", '2022-09-13', "int"),
("2223", "int", 2, 18, 7292043, "i", "z", 8931098, "1", '2022-09-13', "int"),
("2223", "int", 2, 19, 127, "i", "w", 124, "½", '2022-09-13', "int"),
("2223", "int", 2, 19, 124, "i", "z", 127, "½", '2022-09-13', "int"),
("2223", "int", 2, 20, 7771665, "i", "w", 6187885, "0", '2022-09-13', "int"),
("2223", "int", 2, 20, 6187885, "i", "z", 7771665, "1", '2022-09-13', "int");

-- ronde 3 interne competitie
insert into uitslag (seizoen, teamCode, rondeNummer, bordNummer, knsbNummer, partij, witZwart, tegenstanderNummer, resultaat, datum, anderTeam) values
("2223", "int", 3, 0, 105, "a", "", 0, "", '2022-09-20', "int"),
("2223", "int", 3, 0, 106, "a", "", 0, "", '2022-09-20', "int"),
("2223", "int", 3, 0, 120, "a", "", 0, "", '2022-09-20', "int"),
("2223", "int", 3, 0, 124, "a", "", 0, "", '2022-09-20', "int"),
("2223", "int", 3, 0, 125, "a", "", 0, "", '2022-09-20', "int"),
("2223", "int", 3, 0, 8987176, "a", "", 0, "", '2022-09-20', "int"),
("2223", "int", 3, 0, 6225934, "a", "", 0, "", '2022-09-20', "int"),
("2223", "int", 3, 0, 6951362, "a", "", 0, "", '2022-09-20', "int"),
("2223", "int", 3, 0, 7269834, "a", "", 0, "", '2022-09-20', "int"),
("2223", "int", 3, 0, 7269900, "a", "", 0, "", '2022-09-20', "int"),
("2223", "int", 3, 0, 7535385, "a", "", 0, "", '2022-09-20', "int"),
("2223", "int", 3, 0, 7544438, "a", "", 0, "", '2022-09-20', "int"),
("2223", "int", 3, 0, 7649213, "a", "", 0, "", '2022-09-20', "int"),
("2223", "int", 3, 0, 7657342, "a", "", 0, "", '2022-09-20', "int"),
("2223", "int", 3, 0, 7691728, "a", "", 0, "", '2022-09-20', "int"),
("2223", "int", 3, 0, 7707832, "a", "", 0, "", '2022-09-20', "int"),
("2223", "int", 3, 0, 7824674, "a", "", 0, "", '2022-09-20', "int"),
("2223", "int", 3, 0, 7970094, "a", "", 0, "", '2022-09-20', "int"),
("2223", "int", 3, 0, 8472530, "a", "", 0, "", '2022-09-20', "int"),
("2223", "int", 3, 0, 8484443, "a", "", 0, "", '2022-09-20', "int"),
("2223", "int", 3, 0, 8485059, "a", "", 0, "", '2022-09-20', "int"),
("2223", "int", 3, 0, 8611922, "a", "", 0, "", '2022-09-20', "int"),
("2223", "int", 3, 0, 7771665, "o", "", 0, "", '2022-09-20', "int"),
("2223", "int", 3, 1, 6212404, "i", "w", 7502143, "0", '2022-09-20', "int"),
("2223", "int", 3, 1, 7502143, "i", "z", 6212404, "1", '2022-09-20', "int"),
("2223", "int", 3, 2, 7210137, "i", "w", 8750093, "1", '2022-09-20', "int"),
("2223", "int", 3, 2, 8750093, "i", "z", 7210137, "0", '2022-09-20', "int"),
("2223", "int", 3, 3, 7758014, "i", "w", 7099950, "0", '2022-09-20', "int"),
("2223", "int", 3, 3, 7099950, "i", "z", 7758014, "1", '2022-09-20', "int"),
("2223", "int", 3, 4, 7428960, "i", "w", 8073978, "1", '2022-09-20', "int"),
("2223", "int", 3, 4, 8073978, "i", "z", 7428960, "0", '2022-09-20', "int"),
("2223", "int", 3, 5, 7129991, "i", "w", 7699010, "1", '2022-09-20', "int"),
("2223", "int", 3, 5, 7699010, "i", "z", 7129991, "0", '2022-09-20', "int"),
("2223", "int", 3, 6, 8372881, "i", "w", 7613166, "½", '2022-09-20', "int"),
("2223", "int", 3, 6, 7613166, "i", "z", 8372881, "½", '2022-09-20', "int"),
("2223", "int", 3, 7, 7535396, "i", "w", 6192098, "1", '2022-09-20', "int"),
("2223", "int", 3, 7, 6192098, "i", "z", 7535396, "0", '2022-09-20', "int"),
("2223", "int", 3, 8, 8587337, "i", "w", 8617367, "1", '2022-09-20', "int"),
("2223", "int", 3, 8, 8617367, "i", "z", 8587337, "0", '2022-09-20', "int"),
("2223", "int", 3, 9, 7321534, "i", "w", 7419621, "½", '2022-09-20', "int"),
("2223", "int", 3, 9, 7419621, "i", "z", 7321534, "½", '2022-09-20', "int"),
("2223", "int", 3, 10, 8243312, "i", "w", 7292043, "0", '2022-09-20', "int"),
("2223", "int", 3, 10, 7292043, "i", "z", 8243312, "1", '2022-09-20', "int"),
("2223", "int", 3, 11, 7399469, "i", "w", 7282033, "½", '2022-09-20', "int"),
("2223", "int", 3, 11, 7282033, "i", "z", 7399469, "½", '2022-09-20', "int"),
("2223", "int", 3, 12, 6572511, "i", "w", 7099620, "0", '2022-09-20', "int"),
("2223", "int", 3, 12, 7099620, "i", "z", 6572511, "1", '2022-09-20', "int"),
("2223", "int", 3, 13, 123, "i", "w", 103, "1", '2022-09-20', "int"),
("2223", "int", 3, 13, 103, "i", "z", 123, "0", '2022-09-20', "int"),
("2223", "int", 3, 14, 6187885, "i", "w", 7640798, "0", '2022-09-20', "int"),
("2223", "int", 3, 14, 7640798, "i", "z", 6187885, "1", '2022-09-20', "int"),
("2223", "int", 3, 15, 8112654, "i", "w", 126, "0", '2022-09-20', "int"),
("2223", "int", 3, 15, 126, "i", "z", 8112654, "1", '2022-09-20', "int"),
("2223", "int", 3, 16, 6207520, "i", "w", 7904589, "½", '2022-09-20', "int"),
("2223", "int", 3, 16, 7904589, "i", "z", 6207520, "½", '2022-09-20', "int"),
("2223", "int", 3, 17, 7529522, "i", "w", 8400183, "½", '2022-09-20', "int"),
("2223", "int", 3, 17, 8400183, "i", "z", 7529522, "½", '2022-09-20', "int"),
("2223", "int", 3, 18, 8865549, "i", "w", 7518203, "0", '2022-09-20', "int"),
("2223", "int", 3, 18, 7518203, "i", "z", 8865549, "1", '2022-09-20', "int"),
("2223", "int", 3, 19, 7101193, "i", "w", 8276752, "0", '2022-09-20', "int"),
("2223", "int", 3, 19, 8276752, "i", "z", 7101193, "1", '2022-09-20', "int"),
("2223", "int", 3, 20, 8224502, "i", "w", 127, "1", '2022-09-20', "int"),
("2223", "int", 3, 20, 127, "i", "z", 8224502, "0", '2022-09-20', "int"),
("2223", "int", 3, 21, 101, "i", "w", 7582102, "½", '2022-09-20', "int"),
("2223", "int", 3, 21, 7582102, "i", "z", 101, "½", '2022-09-20', "int"),
("2223", "int", 3, 22, 7731812, "i", "w", 8931098, "1", '2022-09-20', "int"),
("2223", "int", 3, 22, 8931098, "i", "z", 7731812, "0", '2022-09-20', "int");

-- ronde 4 interne competitie
insert into uitslag (seizoen, teamCode, rondeNummer, bordNummer, knsbNummer, partij, witZwart, tegenstanderNummer, resultaat, datum, anderTeam) values
("2223", "int", 4, 0, 105, "a", "", 0, "", '2022-09-27', "int"),
("2223", "int", 4, 0, 123, "a", "", 0, "", '2022-09-27', "int"),
("2223", "int", 4, 0, 125, "a", "", 0, "", '2022-09-27', "int"),
("2223", "int", 4, 0, 127, "a", "", 0, "", '2022-09-27', "int"),
("2223", "int", 4, 0, 8987176, "a", "", 0, "", '2022-09-27', "int"),
("2223", "int", 4, 0, 7129991, "a", "", 0, "", '2022-09-27', "int"),
("2223", "int", 4, 0, 7269834, "a", "", 0, "", '2022-09-27', "int"),
("2223", "int", 4, 0, 7282033, "a", "", 0, "", '2022-09-27', "int"),
("2223", "int", 4, 0, 7399469, "a", "", 0, "", '2022-09-27', "int"),
("2223", "int", 4, 0, 7535385, "a", "", 0, "", '2022-09-27', "int"),
("2223", "int", 4, 0, 7544438, "a", "", 0, "", '2022-09-27', "int"),
("2223", "int", 4, 0, 7582102, "a", "", 0, "", '2022-09-27', "int"),
("2223", "int", 4, 0, 7640798, "a", "", 0, "", '2022-09-27', "int"),
("2223", "int", 4, 0, 7657342, "a", "", 0, "", '2022-09-27', "int"),
("2223", "int", 4, 0, 7691728, "a", "", 0, "", '2022-09-27', "int"),
("2223", "int", 4, 0, 7824674, "a", "", 0, "", '2022-09-27', "int"),
("2223", "int", 4, 0, 7904589, "a", "", 0, "", '2022-09-27', "int"),
("2223", "int", 4, 0, 7970094, "a", "", 0, "", '2022-09-27', "int"),
("2223", "int", 4, 0, 8276752, "a", "", 0, "", '2022-09-27', "int"),
("2223", "int", 4, 0, 8472530, "a", "", 0, "", '2022-09-27', "int"),
("2223", "int", 4, 0, 8484443, "a", "", 0, "", '2022-09-27', "int"),
("2223", "int", 4, 0, 8611922, "a", "", 0, "", '2022-09-27', "int"),
("2223", "int", 4, 0, 8750093, "a", "", 0, "", '2022-09-27', "int"),
("2223", "int", 4, 1, 7210137, "i", "w", 7502143, "½", '2022-09-27', "int"),
("2223", "int", 4, 1, 7502143, "i", "z", 7210137, "½", '2022-09-27', "int"),
("2223", "int", 4, 2, 7099950, "i", "w", 7428960, "0", '2022-09-27', "int"),
("2223", "int", 4, 2, 7428960, "i", "z", 7099950, "1", '2022-09-27', "int"),
("2223", "int", 4, 3, 8372881, "i", "w", 8587337, "1", '2022-09-27', "int"),
("2223", "int", 4, 3, 8587337, "i", "z", 8372881, "0", '2022-09-27', "int"),
("2223", "int", 4, 4, 7758014, "i", "w", 7535396, "½", '2022-09-27', "int"),
("2223", "int", 4, 4, 7535396, "i", "z", 7758014, "½", '2022-09-27', "int"),
("2223", "int", 4, 5, 7613166, "i", "w", 7099620, "½", '2022-09-27', "int"),
("2223", "int", 4, 5, 7099620, "i", "z", 7613166, "½", '2022-09-27', "int"),
("2223", "int", 4, 6, 7292043, "i", "w", 6212404, "1", '2022-09-27', "int"),
("2223", "int", 4, 6, 6212404, "i", "z", 7292043, "0", '2022-09-27', "int"),
("2223", "int", 4, 7, 126, "i", "w", 7699010, "0", '2022-09-27', "int"),
("2223", "int", 4, 7, 7699010, "i", "z", 126, "1", '2022-09-27', "int"),
("2223", "int", 4, 8, 8073978, "i", "w", 7321534, "0", '2022-09-27', "int"),
("2223", "int", 4, 8, 7321534, "i", "z", 8073978, "1", '2022-09-27', "int"),
("2223", "int", 4, 9, 7269900, "i", "w", 7707832, "0", '2022-09-27', "int"),
("2223", "int", 4, 9, 7707832, "i", "z", 7269900, "1", '2022-09-27', "int"),
("2223", "int", 4, 10, 7518203, "i", "w", 7419621, "0", '2022-09-27', "int"),
("2223", "int", 4, 10, 7419621, "i", "z", 7518203, "1", '2022-09-27', "int"),
("2223", "int", 4, 11, 6192098, "i", "w", 6225934, "0", '2022-09-27', "int"),
("2223", "int", 4, 11, 6225934, "i", "z", 6192098, "1", '2022-09-27', "int"),
("2223", "int", 4, 12, 8617367, "i", "w", 7529522, "0", '2022-09-27', "int"),
("2223", "int", 4, 12, 7529522, "i", "z", 8617367, "1", '2022-09-27', "int"),
("2223", "int", 4, 13, 8400183, "i", "w", 6207520, "0", '2022-09-27', "int"),
("2223", "int", 4, 13, 6207520, "i", "z", 8400183, "1", '2022-09-27', "int"),
("2223", "int", 4, 14, 8224502, "i", "w", 8243312, "1", '2022-09-27', "int"),
("2223", "int", 4, 14, 8243312, "i", "z", 8224502, "0", '2022-09-27', "int"),
("2223", "int", 4, 15, 7649213, "i", "w", 6951362, "½", '2022-09-27', "int"),
("2223", "int", 4, 15, 6951362, "i", "z", 7649213, "½", '2022-09-27', "int"),
("2223", "int", 4, 16, 6572511, "i", "w", 106, "1", '2022-09-27', "int"),
("2223", "int", 4, 16, 106, "i", "z", 6572511, "0", '2022-09-27', "int"),
("2223", "int", 4, 17, 6187885, "i", "w", 7731812, "0", '2022-09-27', "int"),
("2223", "int", 4, 17, 7731812, "i", "z", 6187885, "1", '2022-09-27', "int"),
("2223", "int", 4, 18, 103, "i", "w", 8112654, "0", '2022-09-27', "int"),
("2223", "int", 4, 18, 8112654, "i", "z", 103, "1", '2022-09-27', "int"),
("2223", "int", 4, 19, 7771665, "i", "w", 8485059, "0", '2022-09-27', "int"),
("2223", "int", 4, 19, 8485059, "i", "z", 7771665, "1", '2022-09-27', "int"),
("2223", "int", 4, 20, 120, "i", "w", 7101193, "0", '2022-09-27', "int"),
("2223", "int", 4, 20, 7101193, "i", "z", 120, "1", '2022-09-27', "int"),
("2223", "int", 4, 21, 124, "i", "w", 101, "0", '2022-09-27', "int"),
("2223", "int", 4, 21, 101, "i", "z", 124, "1", '2022-09-27', "int"),
("2223", "int", 4, 22, 8931098, "i", "w", 8865549, "½", '2022-09-27', "int"),
("2223", "int", 4, 22, 8865549, "i", "z", 8931098, "½", '2022-09-27', "int");

-- ronde 5 interne competitie
insert into uitslag (seizoen, teamCode, rondeNummer, bordNummer, knsbNummer, partij, witZwart, tegenstanderNummer, resultaat, datum, anderTeam) values
("2223", "int", 5, 0, 105, "a", "", 0, "", '2022-10-04', "int"),
("2223", "int", 5, 0, 123, "a", "", 0, "", '2022-10-04', "int"),
("2223", "int", 5, 0, 124, "a", "", 0, "", '2022-10-04', "int"),
("2223", "int", 5, 0, 125, "a", "", 0, "", '2022-10-04', "int"),
("2223", "int", 5, 0, 127, "a", "", 0, "", '2022-10-04', "int"),
("2223", "int", 5, 0, 6187885, "a", "", 0, "", '2022-10-04', "int"),
("2223", "int", 5, 0, 6214153, "a", "", 0, "", '2022-10-04', "int"),
("2223", "int", 5, 0, 6225934, "a", "", 0, "", '2022-10-04', "int"),
("2223", "int", 5, 0, 6572511, "a", "", 0, "", '2022-10-04', "int"),
("2223", "int", 5, 0, 6951362, "a", "", 0, "", '2022-10-04', "int"),
("2223", "int", 5, 0, 7269834, "a", "", 0, "", '2022-10-04', "int"),
("2223", "int", 5, 0, 7269900, "a", "", 0, "", '2022-10-04', "int"),
("2223", "int", 5, 0, 7282033, "a", "", 0, "", '2022-10-04', "int"),
("2223", "int", 5, 0, 7321534, "a", "", 0, "", '2022-10-04', "int"),
("2223", "int", 5, 0, 7428960, "a", "", 0, "", '2022-10-04', "int"),
("2223", "int", 5, 0, 7535385, "a", "", 0, "", '2022-10-04', "int"),
("2223", "int", 5, 0, 7582102, "a", "", 0, "", '2022-10-04', "int"),
("2223", "int", 5, 0, 7640798, "a", "", 0, "", '2022-10-04', "int"),
("2223", "int", 5, 0, 7649213, "a", "", 0, "", '2022-10-04', "int"),
("2223", "int", 5, 0, 7657342, "a", "", 0, "", '2022-10-04', "int"),
("2223", "int", 5, 0, 7691728, "a", "", 0, "", '2022-10-04', "int"),
("2223", "int", 5, 0, 7699010, "a", "", 0, "", '2022-10-04', "int"),
("2223", "int", 5, 0, 7707832, "a", "", 0, "", '2022-10-04', "int"),
("2223", "int", 5, 0, 7758014, "a", "", 0, "", '2022-10-04', "int"),
("2223", "int", 5, 0, 7809285, "a", "", 0, "", '2022-10-04', "int"),
("2223", "int", 5, 0, 7824674, "a", "", 0, "", '2022-10-04', "int"),
("2223", "int", 5, 0, 7904589, "a", "", 0, "", '2022-10-04', "int"),
("2223", "int", 5, 0, 7970094, "a", "", 0, "", '2022-10-04', "int"),
("2223", "int", 5, 0, 8096242, "a", "", 0, "", '2022-10-04', "int"),
("2223", "int", 5, 0, 8243312, "a", "", 0, "", '2022-10-04', "int"),
("2223", "int", 5, 0, 8276752, "a", "", 0, "", '2022-10-04', "int"),
("2223", "int", 5, 0, 8335415, "a", "", 0, "", '2022-10-04', "int"),
("2223", "int", 5, 0, 8372881, "a", "", 0, "", '2022-10-04', "int"),
("2223", "int", 5, 0, 8472530, "a", "", 0, "", '2022-10-04', "int"),
("2223", "int", 5, 0, 8484443, "a", "", 0, "", '2022-10-04', "int"),
("2223", "int", 5, 0, 8485059, "a", "", 0, "", '2022-10-04', "int"),
("2223", "int", 5, 0, 8587337, "a", "", 0, "", '2022-10-04', "int"),
("2223", "int", 5, 0, 8611922, "a", "", 0, "", '2022-10-04', "int"),
("2223", "int", 5, 0, 8865549, "a", "", 0, "", '2022-10-04', "int"),
("2223", "int", 5, 1, 7502143, "i", "w", 7129991, "1", '2022-10-04', "int"),
("2223", "int", 5, 1, 7129991, "i", "z", 7502143, "0", '2022-10-04', "int"),
("2223", "int", 5, 2, 7099950, "i", "w", 7210137, "1", '2022-10-04', "int"),
("2223", "int", 5, 2, 7210137, "i", "z", 7099950, "0", '2022-10-04', "int"),
("2223", "int", 5, 3, 7613166, "i", "w", 7292043, "0", '2022-10-04', "int"),
("2223", "int", 5, 3, 7292043, "i", "z", 7613166, "1", '2022-10-04', "int"),
("2223", "int", 5, 4, 7099620, "i", "w", 7535396, "1", '2022-10-04', "int"),
("2223", "int", 5, 4, 7535396, "i", "z", 7099620, "0", '2022-10-04', "int"),
("2223", "int", 5, 5, 8750093, "i", "w", 7419621, "½", '2022-10-04', "int"),
("2223", "int", 5, 5, 7419621, "i", "z", 8750093, "½", '2022-10-04', "int"),
("2223", "int", 5, 6, 7529522, "i", "w", 6207520, "0", '2022-10-04', "int"),
("2223", "int", 5, 6, 6207520, "i", "z", 7529522, "1", '2022-10-04', "int"),
("2223", "int", 5, 7, 6212404, "i", "w", 126, "1", '2022-10-04', "int"),
("2223", "int", 5, 7, 126, "i", "z", 6212404, "0", '2022-10-04', "int"),
("2223", "int", 5, 8, 7399469, "i", "w", 8224502, "1", '2022-10-04', "int"),
("2223", "int", 5, 8, 8224502, "i", "z", 7399469, "0", '2022-10-04', "int"),
("2223", "int", 5, 9, 7731812, "i", "w", 8073978, "1", '2022-10-04', "int"),
("2223", "int", 5, 9, 8073978, "i", "z", 7731812, "0", '2022-10-04', "int"),
("2223", "int", 5, 10, 7544438, "i", "w", 8112654, "½", '2022-10-04', "int"),
("2223", "int", 5, 10, 8112654, "i", "z", 7544438, "½", '2022-10-04', "int"),
("2223", "int", 5, 11, 7101193, "i", "w", 6192098, "1", '2022-10-04', "int"),
("2223", "int", 5, 11, 6192098, "i", "z", 7101193, "0", '2022-10-04', "int"),
("2223", "int", 5, 12, 7518203, "i", "w", 8617367, "½", '2022-10-04', "int"),
("2223", "int", 5, 12, 8617367, "i", "z", 7518203, "½", '2022-10-04', "int"),
("2223", "int", 5, 13, 8400183, "i", "w", 101, "½", '2022-10-04', "int"),
("2223", "int", 5, 13, 101, "i", "z", 8400183, "½", '2022-10-04', "int"),
("2223", "int", 5, 14, 106, "i", "w", 8987176, "1", '2022-10-04', "int"),
("2223", "int", 5, 14, 8987176, "i", "z", 106, "0", '2022-10-04', "int"),
("2223", "int", 5, 15, 120, "i", "w", 103, "0", '2022-10-04', "int"),
("2223", "int", 5, 15, 103, "i", "z", 120, "1", '2022-10-04', "int"),
("2223", "int", 5, 16, 7771665, "i", "w", 8931098, "1", '2022-10-04', "int"),
("2223", "int", 5, 16, 8931098, "i", "z", 7771665, "0", '2022-10-04', "int");

-- ronde 6 interne competitie
insert into uitslag (seizoen, teamCode, rondeNummer, bordNummer, knsbNummer, partij, witZwart, tegenstanderNummer, resultaat, datum, anderTeam) values
("2223", "int", 6, 0, 105, "a", "", 0, "", '2022-10-11', "int"),
("2223", "int", 6, 0, 106, "a", "", 0, "", '2022-10-11', "int"),
("2223", "int", 6, 0, 120, "a", "", 0, "", '2022-10-11', "int"),
("2223", "int", 6, 0, 123, "a", "", 0, "", '2022-10-11', "int"),
("2223", "int", 6, 0, 124, "a", "", 0, "", '2022-10-11', "int"),
("2223", "int", 6, 0, 125, "a", "", 0, "", '2022-10-11', "int"),
("2223", "int", 6, 0, 127, "a", "", 0, "", '2022-10-11', "int"),
("2223", "int", 6, 0, 7101193, "a", "", 0, "", '2022-10-11', "int"),
("2223", "int", 6, 0, 7129991, "a", "", 0, "", '2022-10-11', "int"),
("2223", "int", 6, 0, 7269834, "a", "", 0, "", '2022-10-11', "int"),
("2223", "int", 6, 0, 7535385, "a", "", 0, "", '2022-10-11', "int"),
("2223", "int", 6, 0, 7582102, "a", "", 0, "", '2022-10-11', "int"),
("2223", "int", 6, 0, 7640798, "a", "", 0, "", '2022-10-11', "int"),
("2223", "int", 6, 0, 7649213, "a", "", 0, "", '2022-10-11', "int"),
("2223", "int", 6, 0, 7657342, "a", "", 0, "", '2022-10-11', "int"),
("2223", "int", 6, 0, 7699010, "a", "", 0, "", '2022-10-11', "int"),
("2223", "int", 6, 0, 7707832, "a", "", 0, "", '2022-10-11', "int"),
("2223", "int", 6, 0, 7809285, "a", "", 0, "", '2022-10-11', "int"),
("2223", "int", 6, 0, 7824674, "a", "", 0, "", '2022-10-11', "int"),
("2223", "int", 6, 0, 7904589, "a", "", 0, "", '2022-10-11', "int"),
("2223", "int", 6, 0, 7970094, "a", "", 0, "", '2022-10-11', "int"),
("2223", "int", 6, 0, 8073978, "a", "", 0, "", '2022-10-11', "int"),
("2223", "int", 6, 0, 8096242, "a", "", 0, "", '2022-10-11', "int"),
("2223", "int", 6, 0, 8276752, "a", "", 0, "", '2022-10-11', "int"),
("2223", "int", 6, 0, 8372881, "a", "", 0, "", '2022-10-11', "int"),
("2223", "int", 6, 0, 8472530, "a", "", 0, "", '2022-10-11', "int"),
("2223", "int", 6, 0, 8484443, "a", "", 0, "", '2022-10-11', "int"),
("2223", "int", 6, 0, 8485059, "a", "", 0, "", '2022-10-11', "int"),
("2223", "int", 6, 0, 8611922, "a", "", 0, "", '2022-10-11', "int"),
("2223", "int", 6, 0, 8750093, "a", "", 0, "", '2022-10-11', "int"),
("2223", "int", 6, 0, 8865549, "a", "", 0, "", '2022-10-11', "int"),
("2223", "int", 6, 1, 7428960, "i", "w", 7502143, "1", '2022-10-11', "int"),
("2223", "int", 6, 1, 7502143, "i", "z", 7428960, "0", '2022-10-11', "int"),
("2223", "int", 6, 2, 7292043, "i", "w", 7099950, "½", '2022-10-11', "int"),
("2223", "int", 6, 2, 7099950, "i", "z", 7292043, "½", '2022-10-11', "int"),
("2223", "int", 6, 3, 7210137, "i", "w", 7099620, "½", '2022-10-11', "int"),
("2223", "int", 6, 3, 7099620, "i", "z", 7210137, "½", '2022-10-11', "int"),
("2223", "int", 6, 4, 6207520, "i", "w", 6212404, "½", '2022-10-11', "int"),
("2223", "int", 6, 4, 6212404, "i", "z", 6207520, "½", '2022-10-11', "int"),
("2223", "int", 6, 5, 7321534, "i", "w", 7758014, "0", '2022-10-11', "int"),
("2223", "int", 6, 5, 7758014, "i", "z", 7321534, "1", '2022-10-11', "int"),
("2223", "int", 6, 6, 7419621, "i", "w", 6225934, "0", '2022-10-11', "int"),
("2223", "int", 6, 6, 6225934, "i", "z", 7419621, "1", '2022-10-11', "int"),
("2223", "int", 6, 7, 7399469, "i", "w", 7613166, "1", '2022-10-11', "int"),
("2223", "int", 6, 7, 7613166, "i", "z", 7399469, "0", '2022-10-11', "int"),
("2223", "int", 6, 8, 7535396, "i", "w", 8587337, "0", '2022-10-11', "int"),
("2223", "int", 6, 8, 8587337, "i", "z", 7535396, "1", '2022-10-11', "int"),
("2223", "int", 6, 9, 6572511, "i", "w", 7731812, "0", '2022-10-11', "int"),
("2223", "int", 6, 9, 7731812, "i", "z", 6572511, "1", '2022-10-11', "int"),
("2223", "int", 6, 10, 7282033, "i", "w", 8112654, "1", '2022-10-11', "int"),
("2223", "int", 6, 10, 8112654, "i", "z", 7282033, "0", '2022-10-11', "int"),
("2223", "int", 6, 11, 7529522, "i", "w", 7544438, "1", '2022-10-11', "int"),
("2223", "int", 6, 11, 7544438, "i", "z", 7529522, "0", '2022-10-11', "int"),
("2223", "int", 6, 12, 6951362, "i", "w", 126, "0", '2022-10-11', "int"),
("2223", "int", 6, 12, 126, "i", "z", 6951362, "1", '2022-10-11', "int"),
("2223", "int", 6, 13, 8224502, "i", "w", 6214153, "0", '2022-10-11', "int"),
("2223", "int", 6, 13, 6214153, "i", "z", 8224502, "1", '2022-10-11', "int"),
("2223", "int", 6, 14, 8617367, "i", "w", 7269900, "½", '2022-10-11', "int"),
("2223", "int", 6, 14, 7269900, "i", "z", 8617367, "½", '2022-10-11', "int"),
("2223", "int", 6, 15, 101, "i", "w", 7518203, "0", '2022-10-11', "int"),
("2223", "int", 6, 15, 7518203, "i", "z", 101, "1", '2022-10-11', "int"),
("2223", "int", 6, 16, 8400183, "i", "w", 103, "1", '2022-10-11', "int"),
("2223", "int", 6, 16, 103, "i", "z", 8400183, "0", '2022-10-11', "int"),
("2223", "int", 6, 17, 6192098, "i", "w", 7771665, "1", '2022-10-11', "int"),
("2223", "int", 6, 17, 7771665, "i", "z", 6192098, "0", '2022-10-11', "int"),
("2223", "int", 6, 18, 8243312, "i", "w", 6187885, "½", '2022-10-11', "int"),
("2223", "int", 6, 18, 6187885, "i", "z", 8243312, "½", '2022-10-11', "int"),
("2223", "int", 6, 19, 8335415, "i", "w", 7691728, "0", '2022-10-11', "int"),
("2223", "int", 6, 19, 7691728, "i", "z", 8335415, "1", '2022-10-11', "int"),
("2223", "int", 6, 20, 8987176, "i", "w", 8931098, "1", '2022-10-11', "int"),
("2223", "int", 6, 20, 8931098, "i", "z", 8987176, "0", '2022-10-11', "int");

-- ronde 7 interne competitie
insert into uitslag (seizoen, teamCode, rondeNummer, bordNummer, knsbNummer, partij, witZwart, tegenstanderNummer, resultaat, datum, anderTeam) values
("2223", "int", 7, 0, 120, "a", "", 0, "", '2022-10-25', "int"),
("2223", "int", 7, 0, 124, "a", "", 0, "", '2022-10-25', "int"),
("2223", "int", 7, 0, 125, "a", "", 0, "", '2022-10-25', "int"),
("2223", "int", 7, 0, 126, "a", "", 0, "", '2022-10-25', "int"),
("2223", "int", 7, 0, 127, "a", "", 0, "", '2022-10-25', "int"),
("2223", "int", 7, 0, 6187885, "a", "", 0, "", '2022-10-25', "int"),
("2223", "int", 7, 0, 6951362, "a", "", 0, "", '2022-10-25', "int"),
("2223", "int", 7, 0, 7269834, "a", "", 0, "", '2022-10-25', "int"),
("2223", "int", 7, 0, 7269900, "a", "", 0, "", '2022-10-25', "int"),
("2223", "int", 7, 0, 7282033, "a", "", 0, "", '2022-10-25', "int"),
("2223", "int", 7, 0, 7535385, "a", "", 0, "", '2022-10-25', "int"),
("2223", "int", 7, 0, 7640798, "a", "", 0, "", '2022-10-25', "int"),
("2223", "int", 7, 0, 7699010, "a", "", 0, "", '2022-10-25', "int"),
("2223", "int", 7, 0, 7809285, "a", "", 0, "", '2022-10-25', "int"),
("2223", "int", 7, 0, 7824674, "a", "", 0, "", '2022-10-25', "int"),
("2223", "int", 7, 0, 7904589, "a", "", 0, "", '2022-10-25', "int"),
("2223", "int", 7, 0, 8073978, "a", "", 0, "", '2022-10-25', "int"),
("2223", "int", 7, 0, 8096242, "a", "", 0, "", '2022-10-25', "int"),
("2223", "int", 7, 0, 8335415, "a", "", 0, "", '2022-10-25', "int"),
("2223", "int", 7, 0, 8372881, "a", "", 0, "", '2022-10-25', "int"),
("2223", "int", 7, 0, 8472530, "a", "", 0, "", '2022-10-25', "int"),
("2223", "int", 7, 0, 8485059, "a", "", 0, "", '2022-10-25', "int"),
("2223", "int", 7, 0, 8931098, "a", "", 0, "", '2022-10-25', "int"),
("2223", "int", 7, 0, 6225934, "e", "", 0, "", '2022-10-25', "int"),
("2223", "int", 7, 0, 7099620, "e", "", 0, "", '2022-10-25', "int"),
("2223", "int", 7, 0, 7099950, "e", "", 0, "", '2022-10-25', "int"),
("2223", "int", 7, 0, 7129991, "e", "", 0, "", '2022-10-25', "int"),
("2223", "int", 7, 0, 7428960, "e", "", 0, "", '2022-10-25', "int"),
("2223", "int", 7, 0, 7529522, "e", "", 0, "", '2022-10-25', "int"),
("2223", "int", 7, 0, 7613166, "e", "", 0, "", '2022-10-25', "int"),
("2223", "int", 7, 0, 7657342, "e", "", 0, "", '2022-10-25', "int"),
("2223", "int", 7, 0, 7707832, "e", "", 0, "", '2022-10-25', "int"),
("2223", "int", 7, 0, 7970094, "e", "", 0, "", '2022-10-25', "int"),
("2223", "int", 7, 0, 8400183, "e", "", 0, "", '2022-10-25', "int"),
("2223", "int", 7, 0, 8484443, "e", "", 0, "", '2022-10-25', "int"),
("2223", "int", 7, 0, 8587337, "e", "", 0, "", '2022-10-25', "int"),
("2223", "int", 7, 0, 8611922, "e", "", 0, "", '2022-10-25', "int"),
("2223", "int", 7, 0, 8750093, "e", "", 0, "", '2022-10-25', "int"),
("2223", "int", 7, 1, 7210137, "i", "w", 7292043, "0", '2022-10-25', "int"),
("2223", "int", 7, 1, 7292043, "i", "z", 7210137, "1", '2022-10-25', "int"),
("2223", "int", 7, 2, 7502143, "i", "w", 7758014, "0", '2022-10-25', "int"),
("2223", "int", 7, 2, 7758014, "i", "z", 7502143, "1", '2022-10-25', "int"),
("2223", "int", 7, 3, 7731812, "i", "w", 7399469, "½", '2022-10-25', "int"),
("2223", "int", 7, 3, 7399469, "i", "z", 7731812, "½", '2022-10-25', "int"),
("2223", "int", 7, 4, 8291877, "i", "w", 6212404, "1", '2022-10-25', "int"),
("2223", "int", 7, 4, 6212404, "i", "z", 8291877, "0", '2022-10-25', "int"),
("2223", "int", 7, 5, 7419621, "i", "w", 6207520, "½", '2022-10-25', "int"),
("2223", "int", 7, 5, 6207520, "i", "z", 7419621, "½", '2022-10-25', "int"),
("2223", "int", 7, 6, 6214153, "i", "w", 7321534, "1", '2022-10-25', "int"),
("2223", "int", 7, 6, 7321534, "i", "z", 6214153, "0", '2022-10-25', "int"),
("2223", "int", 7, 7, 7518203, "i", "w", 7535396, "0", '2022-10-25', "int"),
("2223", "int", 7, 7, 7535396, "i", "z", 7518203, "1", '2022-10-25', "int"),
("2223", "int", 7, 8, 7101193, "i", "w", 6572511, "0", '2022-10-25', "int"),
("2223", "int", 7, 8, 6572511, "i", "z", 7101193, "1", '2022-10-25', "int"),
("2223", "int", 7, 9, 8886625, "i", "w", 8276752, "1", '2022-10-25', "int"),
("2223", "int", 7, 9, 8276752, "i", "z", 8886625, "0", '2022-10-25', "int"),
("2223", "int", 7, 10, 8112654, "i", "w", 8617367, "1", '2022-10-25', "int"),
("2223", "int", 7, 10, 8617367, "i", "z", 8112654, "0", '2022-10-25', "int"),
("2223", "int", 7, 11, 106, "i", "w", 7649213, "0", '2022-10-25', "int"),
("2223", "int", 7, 11, 7649213, "i", "z", 106, "1", '2022-10-25', "int"),
("2223", "int", 7, 12, 6192098, "i", "w", 123, "0", '2022-10-25', "int"),
("2223", "int", 7, 12, 123, "i", "z", 6192098, "1", '2022-10-25', "int"),
("2223", "int", 7, 13, 7691728, "i", "w", 7544438, "0", '2022-10-25', "int"),
("2223", "int", 7, 13, 7544438, "i", "z", 7691728, "1", '2022-10-25', "int"),
("2223", "int", 7, 14, 101, "i", "w", 8224502, "0", '2022-10-25', "int"),
("2223", "int", 7, 14, 8224502, "i", "z", 101, "1", '2022-10-25', "int"),
("2223", "int", 7, 15, 8987176, "i", "w", 103, "1", '2022-10-25', "int"),
("2223", "int", 7, 15, 103, "i", "z", 8987176, "0", '2022-10-25', "int"),
("2223", "int", 7, 16, 8243312, "i", "w", 7771665, "1", '2022-10-25', "int"),
("2223", "int", 7, 16, 7771665, "i", "z", 8243312, "0", '2022-10-25', "int"),
("2223", "int", 7, 17, 7582102, "i", "w", 8865549, "1", '2022-10-25', "int"),
("2223", "int", 7, 17, 8865549, "i", "z", 7582102, "0", '2022-10-25', "int");

-- ronde 8 interne competitie
insert into uitslag (seizoen, teamCode, rondeNummer, bordNummer, knsbNummer, partij, witZwart, tegenstanderNummer, resultaat, datum, anderTeam) values
("2223", "int", 8, 0, 120, "a", "", 0, "", '2022-11-01', "int"),
("2223", "int", 8, 0, 123, "a", "", 0, "", '2022-11-01', "int"),
("2223", "int", 8, 0, 124, "a", "", 0, "", '2022-11-01', "int"),
("2223", "int", 8, 0, 125, "a", "", 0, "", '2022-11-01', "int"),
("2223", "int", 8, 0, 126, "a", "", 0, "", '2022-11-01', "int"),
("2223", "int", 8, 0, 127, "a", "", 0, "", '2022-11-01', "int"),
("2223", "int", 8, 0, 6187885, "a", "", 0, "", '2022-11-01', "int"),
("2223", "int", 8, 0, 6225934, "a", "", 0, "", '2022-11-01', "int"),
("2223", "int", 8, 0, 6572511, "a", "", 0, "", '2022-11-01', "int"),
("2223", "int", 8, 0, 6951362, "a", "", 0, "", '2022-11-01', "int"),
("2223", "int", 8, 0, 7129991, "a", "", 0, "", '2022-11-01', "int"),
("2223", "int", 8, 0, 7210137, "a", "", 0, "", '2022-11-01', "int"),
("2223", "int", 8, 0, 7269834, "a", "", 0, "", '2022-11-01', "int"),
("2223", "int", 8, 0, 7269900, "a", "", 0, "", '2022-11-01', "int"),
("2223", "int", 8, 0, 7282033, "a", "", 0, "", '2022-11-01', "int"),
("2223", "int", 8, 0, 7292043, "a", "", 0, "", '2022-11-01', "int"),
("2223", "int", 8, 0, 7321534, "a", "", 0, "", '2022-11-01', "int"),
("2223", "int", 8, 0, 7399469, "a", "", 0, "", '2022-11-01', "int"),
("2223", "int", 8, 0, 7518203, "a", "", 0, "", '2022-11-01', "int"),
("2223", "int", 8, 0, 7535385, "a", "", 0, "", '2022-11-01', "int"),
("2223", "int", 8, 0, 7544438, "a", "", 0, "", '2022-11-01', "int"),
("2223", "int", 8, 0, 7582102, "a", "", 0, "", '2022-11-01', "int"),
("2223", "int", 8, 0, 7613166, "a", "", 0, "", '2022-11-01', "int"),
("2223", "int", 8, 0, 7640798, "a", "", 0, "", '2022-11-01', "int"),
("2223", "int", 8, 0, 7649213, "a", "", 0, "", '2022-11-01', "int"),
("2223", "int", 8, 0, 7657342, "a", "", 0, "", '2022-11-01', "int"),
("2223", "int", 8, 0, 7691728, "a", "", 0, "", '2022-11-01', "int"),
("2223", "int", 8, 0, 7699010, "a", "", 0, "", '2022-11-01', "int"),
("2223", "int", 8, 0, 7771665, "a", "", 0, "", '2022-11-01', "int"),
("2223", "int", 8, 0, 7809285, "a", "", 0, "", '2022-11-01', "int"),
("2223", "int", 8, 0, 7824674, "a", "", 0, "", '2022-11-01', "int"),
("2223", "int", 8, 0, 7904589, "a", "", 0, "", '2022-11-01', "int"),
("2223", "int", 8, 0, 7970094, "a", "", 0, "", '2022-11-01', "int"),
("2223", "int", 8, 0, 8073978, "a", "", 0, "", '2022-11-01', "int"),
("2223", "int", 8, 0, 8096242, "a", "", 0, "", '2022-11-01', "int"),
("2223", "int", 8, 0, 8224502, "a", "", 0, "", '2022-11-01', "int"),
("2223", "int", 8, 0, 8243312, "a", "", 0, "", '2022-11-01', "int"),
("2223", "int", 8, 0, 8291877, "a", "", 0, "", '2022-11-01', "int"),
("2223", "int", 8, 0, 8335415, "a", "", 0, "", '2022-11-01', "int"),
("2223", "int", 8, 0, 8372881, "a", "", 0, "", '2022-11-01', "int"),
("2223", "int", 8, 0, 8472530, "a", "", 0, "", '2022-11-01', "int"),
("2223", "int", 8, 0, 8484443, "a", "", 0, "", '2022-11-01', "int"),
("2223", "int", 8, 0, 8485059, "a", "", 0, "", '2022-11-01', "int"),
("2223", "int", 8, 0, 8611922, "a", "", 0, "", '2022-11-01', "int"),
("2223", "int", 8, 0, 8931098, "a", "", 0, "", '2022-11-01', "int"),
("2223", "int", 8, 0, 8617367, "o", "", 0, "", '2022-11-01', "int"),
("2223", "int", 8, 1, 7099620, "i", "w", 7428960, "0", '2022-11-01', "int"),
("2223", "int", 8, 1, 7428960, "i", "z", 7099620, "1", '2022-11-01', "int"),
("2223", "int", 8, 2, 7502143, "i", "w", 7099950, "0", '2022-11-01', "int"),
("2223", "int", 8, 2, 7099950, "i", "z", 7502143, "1", '2022-11-01', "int"),
("2223", "int", 8, 3, 7758014, "i", "w", 7731812, "½", '2022-11-01', "int"),
("2223", "int", 8, 3, 7731812, "i", "z", 7758014, "½", '2022-11-01', "int"),
("2223", "int", 8, 4, 6207520, "i", "w", 8587337, "½", '2022-11-01', "int"),
("2223", "int", 8, 4, 8587337, "i", "z", 6207520, "½", '2022-11-01', "int"),
("2223", "int", 8, 5, 6214153, "i", "w", 7707832, "½", '2022-11-01', "int"),
("2223", "int", 8, 5, 7707832, "i", "z", 6214153, "½", '2022-11-01', "int"),
("2223", "int", 8, 6, 6212404, "i", "w", 8750093, "0", '2022-11-01', "int"),
("2223", "int", 8, 6, 8750093, "i", "z", 6212404, "1", '2022-11-01', "int"),
("2223", "int", 8, 7, 7535396, "i", "w", 7529522, "½", '2022-11-01', "int"),
("2223", "int", 8, 7, 7529522, "i", "z", 7535396, "½", '2022-11-01', "int"),
("2223", "int", 8, 8, 8886625, "i", "w", 7419621, "0", '2022-11-01', "int"),
("2223", "int", 8, 8, 7419621, "i", "z", 8886625, "1", '2022-11-01', "int"),
("2223", "int", 8, 9, 8112654, "i", "w", 8400183, "1", '2022-11-01', "int"),
("2223", "int", 8, 9, 8400183, "i", "z", 8112654, "0", '2022-11-01', "int"),
("2223", "int", 8, 10, 8987176, "i", "w", 7101193, "½", '2022-11-01', "int"),
("2223", "int", 8, 10, 7101193, "i", "z", 8987176, "½", '2022-11-01', "int"),
("2223", "int", 8, 11, 8276752, "i", "w", 101, "1", '2022-11-01', "int"),
("2223", "int", 8, 11, 101, "i", "z", 8276752, "0", '2022-11-01', "int"),
("2223", "int", 8, 12, 103, "i", "w", 106, "0", '2022-11-01', "int"),
("2223", "int", 8, 12, 106, "i", "z", 103, "1", '2022-11-01', "int"),
("2223", "int", 8, 13, 8865549, "i", "w", 6192098, "0", '2022-11-01', "int"),
("2223", "int", 8, 13, 6192098, "i", "z", 8865549, "1", '2022-11-01', "int");

-- ronde 9 interne competitie
insert into uitslag (seizoen, teamCode, rondeNummer, bordNummer, knsbNummer, partij, witZwart, tegenstanderNummer, resultaat, datum, anderTeam) values
("2223", "int", 9, 0, 123, "a", "", 0, "", '2022-11-08', "int"),
("2223", "int", 9, 0, 124, "a", "", 0, "", '2022-11-08', "int"),
("2223", "int", 9, 0, 125, "a", "", 0, "", '2022-11-08', "int"),
("2223", "int", 9, 0, 126, "a", "", 0, "", '2022-11-08', "int"),
("2223", "int", 9, 0, 127, "a", "", 0, "", '2022-11-08', "int"),
("2223", "int", 9, 0, 6951362, "a", "", 0, "", '2022-11-08', "int"),
("2223", "int", 9, 0, 7129991, "a", "", 0, "", '2022-11-08', "int"),
("2223", "int", 9, 0, 7269834, "a", "", 0, "", '2022-11-08', "int"),
("2223", "int", 9, 0, 7269900, "a", "", 0, "", '2022-11-08', "int"),
("2223", "int", 9, 0, 7292043, "a", "", 0, "", '2022-11-08', "int"),
("2223", "int", 9, 0, 7399469, "a", "", 0, "", '2022-11-08', "int"),
("2223", "int", 9, 0, 7535385, "a", "", 0, "", '2022-11-08', "int"),
("2223", "int", 9, 0, 7640798, "a", "", 0, "", '2022-11-08', "int"),
("2223", "int", 9, 0, 7649213, "a", "", 0, "", '2022-11-08', "int"),
("2223", "int", 9, 0, 7657342, "a", "", 0, "", '2022-11-08', "int"),
("2223", "int", 9, 0, 7665834, "a", "", 0, "", '2022-11-08', "int"),
("2223", "int", 9, 0, 7691728, "a", "", 0, "", '2022-11-08', "int"),
("2223", "int", 9, 0, 7758014, "a", "", 0, "", '2022-11-08', "int"),
("2223", "int", 9, 0, 7809285, "a", "", 0, "", '2022-11-08', "int"),
("2223", "int", 9, 0, 7824674, "a", "", 0, "", '2022-11-08', "int"),
("2223", "int", 9, 0, 7904589, "a", "", 0, "", '2022-11-08', "int"),
("2223", "int", 9, 0, 7970094, "a", "", 0, "", '2022-11-08', "int"),
("2223", "int", 9, 0, 8073978, "a", "", 0, "", '2022-11-08', "int"),
("2223", "int", 9, 0, 8096242, "a", "", 0, "", '2022-11-08', "int"),
("2223", "int", 9, 0, 8112654, "a", "", 0, "", '2022-11-08', "int"),
("2223", "int", 9, 0, 8291877, "a", "", 0, "", '2022-11-08', "int"),
("2223", "int", 9, 0, 8472530, "a", "", 0, "", '2022-11-08', "int"),
("2223", "int", 9, 0, 8484443, "a", "", 0, "", '2022-11-08', "int"),
("2223", "int", 9, 0, 8485059, "a", "", 0, "", '2022-11-08', "int"),
("2223", "int", 9, 0, 8611922, "a", "", 0, "", '2022-11-08', "int"),
("2223", "int", 9, 0, 8617367, "a", "", 0, "", '2022-11-08', "int"),
("2223", "int", 9, 0, 8886625, "a", "", 0, "", '2022-11-08', "int"),
("2223", "int", 9, 0, 8931098, "a", "", 0, "", '2022-11-08', "int"),
("2223", "int", 9, 0, 6214153, "e", "", 0, "", '2022-11-08', "int"),
("2223", "int", 9, 0, 7210137, "e", "", 0, "", '2022-11-08', "int"),
("2223", "int", 9, 0, 7282033, "e", "", 0, "", '2022-11-08', "int"),
("2223", "int", 9, 0, 7731812, "e", "", 0, "", '2022-11-08', "int"),
("2223", "int", 9, 0, 8276752, "e", "", 0, "", '2022-11-08', "int"),
("2223", "int", 9, 0, 8372881, "e", "", 0, "", '2022-11-08', "int"),
("2223", "int", 9, 1, 8587337, "i", "w", 7428960, "0", '2022-11-08', "int"),
("2223", "int", 9, 1, 7428960, "i", "z", 8587337, "1", '2022-11-08', "int"),
("2223", "int", 9, 2, 7099620, "i", "w", 7099950, "1", '2022-11-08', "int"),
("2223", "int", 9, 2, 7099950, "i", "z", 7099620, "0", '2022-11-08', "int"),
("2223", "int", 9, 3, 8750093, "i", "w", 6225934, "0", '2022-11-08', "int"),
("2223", "int", 9, 3, 6225934, "i", "z", 8750093, "1", '2022-11-08', "int"),
("2223", "int", 9, 4, 7502143, "i", "w", 6207520, "1", '2022-11-08', "int"),
("2223", "int", 9, 4, 6207520, "i", "z", 7502143, "0", '2022-11-08', "int"),
("2223", "int", 9, 5, 7699010, "i", "w", 7707832, "0", '2022-11-08', "int"),
("2223", "int", 9, 5, 7707832, "i", "z", 7699010, "1", '2022-11-08', "int"),
("2223", "int", 9, 6, 7419621, "i", "w", 7529522, "0", '2022-11-08', "int"),
("2223", "int", 9, 6, 7529522, "i", "z", 7419621, "1", '2022-11-08', "int"),
("2223", "int", 9, 7, 7613166, "i", "w", 7535396, "½", '2022-11-08', "int"),
("2223", "int", 9, 7, 7535396, "i", "z", 7613166, "½", '2022-11-08', "int"),
("2223", "int", 9, 8, 6212404, "i", "w", 6572511, "0", '2022-11-08', "int"),
("2223", "int", 9, 8, 6572511, "i", "z", 6212404, "1", '2022-11-08', "int"),
("2223", "int", 9, 9, 7321534, "i", "w", 7544438, "0", '2022-11-08', "int"),
("2223", "int", 9, 9, 7544438, "i", "z", 7321534, "1", '2022-11-08', "int"),
("2223", "int", 9, 10, 106, "i", "w", 8400183, "0", '2022-11-08', "int"),
("2223", "int", 9, 10, 8400183, "i", "z", 106, "1", '2022-11-08', "int"),
("2223", "int", 9, 11, 8224502, "i", "w", 7101193, "1", '2022-11-08', "int"),
("2223", "int", 9, 11, 7101193, "i", "z", 8224502, "0", '2022-11-08', "int"),
("2223", "int", 9, 12, 6192098, "i", "w", 7518203, "½", '2022-11-08', "int"),
("2223", "int", 9, 12, 7518203, "i", "z", 6192098, "½", '2022-11-08', "int"),
("2223", "int", 9, 13, 8243312, "i", "w", 8987176, "1", '2022-11-08', "int"),
("2223", "int", 9, 13, 8987176, "i", "z", 8243312, "0", '2022-11-08', "int"),
("2223", "int", 9, 14, 6187885, "i", "w", 7582102, "1", '2022-11-08', "int"),
("2223", "int", 9, 14, 7582102, "i", "z", 6187885, "0", '2022-11-08', "int"),
("2223", "int", 9, 15, 7771665, "i", "w", 101, "0", '2022-11-08', "int"),
("2223", "int", 9, 15, 101, "i", "z", 7771665, "1", '2022-11-08', "int"),
("2223", "int", 9, 16, 103, "i", "w", 8335415, "1", '2022-11-08', "int"),
("2223", "int", 9, 16, 8335415, "i", "z", 103, "0", '2022-11-08', "int"),
("2223", "int", 9, 17, 8865549, "i", "w", 120, "0", '2022-11-08', "int"),
("2223", "int", 9, 17, 120, "i", "z", 8865549, "1", '2022-11-08', "int");

-- ronde 10 interne competitie TODO
set @seizoen = '2223';
set @competitie = 'int';
set @ronde = 10;
select * from uitslag where seizoen = @seizoen and teamCode = @competitie and rondeNummer = @ronde;
delete from uitslag where seizoen = @seizoen and teamCode = @competitie and rondeNummer = @ronde;

insert into uitslag (seizoen, teamCode, rondeNummer, bordNummer, knsbNummer, partij, witZwart, tegenstanderNummer, resultaat, datum, anderTeam) values
("2223", "int", 10, 0, 101, "m", "", 0, "", '2022-11-15', "int"),
("2223", "int", 10, 0, 103, "m", "", 0, "", '2022-11-15', "int"),
("2223", "int", 10, 0, 106, "m", "", 0, "", '2022-11-15', "int"),
("2223", "int", 10, 0, 124, "m", "", 0, "", '2022-11-15', "int"),
("2223", "int", 10, 0, 6192098, "m", "", 0, "", '2022-11-15', "int"),
("2223", "int", 10, 0, 6212404, "m", "", 0, "", '2022-11-15', "int"),
("2223", "int", 10, 0, 6214153, "m", "", 0, "", '2022-11-15', "int"),
("2223", "int", 10, 0, 6572511, "m", "", 0, "", '2022-11-15', "int"),
("2223", "int", 10, 0, 7099620, "m", "", 0, "", '2022-11-15', "int"),
("2223", "int", 10, 0, 7099950, "m", "", 0, "", '2022-11-15', "int"),
("2223", "int", 10, 0, 7282033, "m", "", 0, "", '2022-11-15', "int"),
("2223", "int", 10, 0, 7321534, "m", "", 0, "", '2022-11-15', "int"),
("2223", "int", 10, 0, 7399469, "m", "", 0, "", '2022-11-15', "int"),
("2223", "int", 10, 0, 7419621, "m", "", 0, "", '2022-11-15', "int"),
("2223", "int", 10, 0, 7428960, "m", "", 0, "", '2022-11-15', "int"),
("2223", "int", 10, 0, 7518203, "m", "", 0, "", '2022-11-15', "int"),
("2223", "int", 10, 0, 7529522, "m", "", 0, "", '2022-11-15', "int"),
("2223", "int", 10, 0, 7535396, "m", "", 0, "", '2022-11-15', "int"),
("2223", "int", 10, 0, 7544438, "m", "", 0, "", '2022-11-15', "int"),
("2223", "int", 10, 0, 7582102, "m", "", 0, "", '2022-11-15', "int"),
("2223", "int", 10, 0, 7649213, "m", "", 0, "", '2022-11-15', "int"),
("2223", "int", 10, 0, 7691728, "m", "", 0, "", '2022-11-15', "int"),
("2223", "int", 10, 0, 7699010, "m", "", 0, "", '2022-11-15', "int"),
("2223", "int", 10, 0, 7707832, "m", "", 0, "", '2022-11-15', "int"),
("2223", "int", 10, 0, 7731812, "m", "", 0, "", '2022-11-15', "int"),
("2223", "int", 10, 0, 7758014, "m", "", 0, "", '2022-11-15', "int"),
("2223", "int", 10, 0, 7771665, "m", "", 0, "", '2022-11-15', "int"),
("2223", "int", 10, 0, 8112654, "m", "", 0, "", '2022-11-15', "int"),
("2223", "int", 10, 0, 8224502, "m", "", 0, "", '2022-11-15', "int"),
("2223", "int", 10, 0, 8400183, "m", "", 0, "", '2022-11-15', "int"),
("2223", "int", 10, 0, 8587337, "m", "", 0, "", '2022-11-15', "int"),
("2223", "int", 10, 0, 8611922, "m", "", 0, "", '2022-11-15', "int"),
("2223", "int", 10, 0, 120, "n", "", 0, "", '2022-11-15', "int"),
("2223", "int", 10, 0, 123, "n", "", 0, "", '2022-11-15', "int"),
("2223", "int", 10, 0, 125, "n", "", 0, "", '2022-11-15', "int"),
("2223", "int", 10, 0, 126, "n", "", 0, "", '2022-11-15', "int"),
("2223", "int", 10, 0, 127, "n", "", 0, "", '2022-11-15', "int"),
("2223", "int", 10, 0, 6187885, "n", "", 0, "", '2022-11-15', "int"),
("2223", "int", 10, 0, 6207520, "n", "", 0, "", '2022-11-15', "int"),
("2223", "int", 10, 0, 6225934, "n", "", 0, "", '2022-11-15', "int"),
("2223", "int", 10, 0, 6951362, "n", "", 0, "", '2022-11-15', "int"),
("2223", "int", 10, 0, 7101193, "n", "", 0, "", '2022-11-15', "int"),
("2223", "int", 10, 0, 7129991, "n", "", 0, "", '2022-11-15', "int"),
("2223", "int", 10, 0, 7210137, "n", "", 0, "", '2022-11-15', "int"),
("2223", "int", 10, 0, 7269834, "n", "", 0, "", '2022-11-15', "int"),
("2223", "int", 10, 0, 7269900, "n", "", 0, "", '2022-11-15', "int"),
("2223", "int", 10, 0, 7292043, "n", "", 0, "", '2022-11-15', "int"),
("2223", "int", 10, 0, 7502143, "n", "", 0, "", '2022-11-15', "int"),
("2223", "int", 10, 0, 7535385, "n", "", 0, "", '2022-11-15', "int"),
("2223", "int", 10, 0, 7613166, "n", "", 0, "", '2022-11-15', "int"),
("2223", "int", 10, 0, 7640798, "n", "", 0, "", '2022-11-15', "int"),
("2223", "int", 10, 0, 7657342, "n", "", 0, "", '2022-11-15', "int"),
("2223", "int", 10, 0, 7665834, "n", "", 0, "", '2022-11-15', "int"),
("2223", "int", 10, 0, 7809285, "n", "", 0, "", '2022-11-15', "int"),
("2223", "int", 10, 0, 7824674, "n", "", 0, "", '2022-11-15', "int"),
("2223", "int", 10, 0, 7904589, "n", "", 0, "", '2022-11-15', "int"),
("2223", "int", 10, 0, 7970094, "n", "", 0, "", '2022-11-15', "int"),
("2223", "int", 10, 0, 8073978, "n", "", 0, "", '2022-11-15', "int"),
("2223", "int", 10, 0, 8096242, "n", "", 0, "", '2022-11-15', "int"),
("2223", "int", 10, 0, 8243312, "n", "", 0, "", '2022-11-15', "int"),
("2223", "int", 10, 0, 8276752, "n", "", 0, "", '2022-11-15', "int"),
("2223", "int", 10, 0, 8291877, "n", "", 0, "", '2022-11-15', "int"),
("2223", "int", 10, 0, 8335415, "n", "", 0, "", '2022-11-15', "int"),
("2223", "int", 10, 0, 8372881, "n", "", 0, "", '2022-11-15', "int"),
("2223", "int", 10, 0, 8472530, "n", "", 0, "", '2022-11-15', "int"),
("2223", "int", 10, 0, 8484443, "n", "", 0, "", '2022-11-15', "int"),
("2223", "int", 10, 0, 8485059, "n", "", 0, "", '2022-11-15', "int"),
("2223", "int", 10, 0, 8617367, "n", "", 0, "", '2022-11-15', "int"),
("2223", "int", 10, 0, 8750093, "n", "", 0, "", '2022-11-15', "int"),
("2223", "int", 10, 0, 8865549, "n", "", 0, "", '2022-11-15', "int"),
("2223", "int", 10, 0, 8886625, "n", "", 0, "", '2022-11-15', "int"),
("2223", "int", 10, 0, 8931098, "n", "", 0, "", '2022-11-15', "int"),
("2223", "int", 10, 0, 8987176, "n", "", 0, "", '2022-11-15', "int");

-- KNSB beker
select * from uitslag where seizoen = "2223" and teamCode = "kbe";

insert into uitslag (seizoen, teamCode, rondeNummer, bordNummer, knsbNummer, partij, witZwart, tegenstanderNummer, resultaat, datum, anderTeam) values
("2223", "kbe", 1, 1, 7428960, "e", "w", 0, "1", '2022-10-27', "int"),
("2223", "kbe", 1, 2, 8096242, "e", "z", 0, "1", '2022-10-27', "int"),
("2223", "kbe", 1, 3, 7099620, "e", "w", 0, "1", '2022-10-27', "int"),
("2223", "kbe", 1, 4, 8611922, "e", "z", 0, "1", '2022-10-27', "int");

-- Waagtoren 1
select * from uitslag where seizoen = "2223" and teamCode = "1" order by rondeNummer, bordNummer;
delete from uitslag where seizoen = "2223" and teamCode = "1" and rondeNummer = 5; -- TODO wijzigen

insert into uitslag (seizoen, teamCode, rondeNummer, bordNummer, knsbNummer, partij, witZwart, tegenstanderNummer, resultaat, datum, anderTeam) values
("2223", "1", 1, 1, 7657342, "e", "z", 0, "0", '2022-09-17', "int"),
("2223", "1", 1, 2, 7584566, "e", "w", 0, "½", '2022-09-17', "int"),
("2223", "1", 1, 3, 7468417, "e", "z", 0, "0", '2022-09-17', "int"),
("2223", "1", 1, 4, 7359913, "e", "w", 0, "1", '2022-09-17', "int"),
("2223", "1", 1, 5, 7428960, "e", "z", 0, "0", '2022-09-17', "int"),
("2223", "1", 1, 6, 8285574, "e", "w", 0, "1", '2022-09-17', "int"),
("2223", "1", 1, 7, 7099950, "e", "z", 0, "½", '2022-09-17', "int"),
("2223", "1", 1, 8, 7828183, "e", "w", 0, "1", '2022-09-17', "int"),
("2223", "1", 1, 9, 8096242, "e", "z", 0, "1", '2022-09-17', "int"),
("2223", "1", 1, 10, 8611922, "e", "w", 0, "½", '2022-09-17', "int"),
("2223", "1", 2, 0, 7468417, "n", "", 0, "", '2022-10-08', "int"),
("2223", "1", 2, 1, 7970094, "e", "w", 0, "1", '2022-10-08', "int"),
("2223", "1", 2, 2, 7584566, "e", "z", 0, "0", '2022-10-08', "int"),
("2223", "1", 2, 3, 7359913, "e", "w", 0, "½", '2022-10-08', "int"),
("2223", "1", 2, 4, 7657342, "e", "z", 0, "0", '2022-10-08', "int"),
("2223", "1", 2, 5, 7428960, "e", "w", 0, "1", '2022-10-08', "int"),
("2223", "1", 2, 6, 8285574, "e", "z", 0, "0", '2022-10-08', "int"),
("2223", "1", 2, 7, 7828183, "e", "w", 0, "½", '2022-10-08', "int"),
("2223", "1", 2, 8, 7099950, "e", "z", 0, "½", '2022-10-08', "int"),
("2223", "1", 2, 9, 8096242, "e", "w", 0, "1", '2022-10-08', "int"),
("2223", "1", 2, 10, 8611922, "e", "z", 0, "½", '2022-10-08', "int"),
("2223", "1", 3, 0, 7099950, "n", "", 0, "", '2022-11-05', "int"),
("2223", "1", 3, 0, 8096242, "n", "", 0, "", '2022-11-05', "int"),
("2223", "1", 3, 1, 7970094, "e", "w", 0, "½", '2022-11-05', "int"),
("2223", "1", 3, 2, 8956805, "e", "z", 0, "0", '2022-11-05', "int"),
("2223", "1", 3, 3, 8285574, "e", "w", 0, "½", '2022-11-05', "int"),
("2223", "1", 3, 4, 7359913, "e", "z", 0, "1", '2022-11-05', "int"),
("2223", "1", 3, 5, 7584566, "e", "w", 0, "½", '2022-11-05', "int"),
("2223", "1", 3, 6, 7428960, "e", "z", 0, "0", '2022-11-05', "int"),
("2223", "1", 3, 7, 7657342, "e", "w", 0, "1", '2022-11-05', "int"),
("2223", "1", 3, 8, 7828183, "e", "z", 0, "½", '2022-11-05', "int"),
("2223", "1", 3, 9, 7468417, "e", "w", 0, "1", '2022-11-05', "int"),
("2223", "1", 3, 10, 8611922, "e", "z", 0, "1", '2022-11-05', "int"),
("2223", "1", 4, 1, 7359913, "e", "z", 0, "1", '2022-11-26', "int"),
("2223", "1", 4, 2, 8285574, "e", "w", 0, "0", '2022-11-26', "int"),
("2223", "1", 4, 3, 7970094, "e", "z", 0, "½", '2022-11-26', "int"),
("2223", "1", 4, 4, 7584566, "e", "w", 0, "1", '2022-11-26', "int"),
("2223", "1", 4, 5, 7428960, "e", "z", 0, "½", '2022-11-26', "int"),
("2223", "1", 4, 6, 7657342, "e", "w", 0, "½", '2022-11-26', "int"),
("2223", "1", 4, 7, 7828183, "e", "z", 0, "0", '2022-11-26', "int"),
("2223", "1", 4, 8, 7468417, "e", "w", 0, "½", '2022-11-26', "int"),
("2223", "1", 4, 9, 7099950, "e", "z", 0, "0", '2022-11-26', "int"),
("2223", "1", 4, 10, 8611922, "e", "w", 0, "½", '2022-11-26', "int");

-- Waagtoren 2
select * from uitslag where seizoen = "2223" and teamCode = "2" order by rondeNummer, bordNummer;
delete from uitslag where seizoen = "2223" and teamCode = "2" and rondeNummer = 5; -- TODO wijzigen

insert into uitslag (seizoen, teamCode, rondeNummer, bordNummer, knsbNummer, partij, witZwart, tegenstanderNummer, resultaat, datum, anderTeam) values
("2223", "2", 1, 1, 6483455, "e", "z", 0, "½", '2022-09-17', "int"),
("2223", "2", 1, 2, 6335670, "e", "w", 0, "½", '2022-09-17', "int"),
("2223", "2", 1, 3, 7509920, "e", "z", 0, "1", '2022-09-17', "int"),
("2223", "2", 1, 4, 7879520, "e", "w", 0, "½", '2022-09-17', "int"),
("2223", "2", 1, 5, 7707832, "e", "z", 0, "1", '2022-09-17', "int"),
("2223", "2", 1, 6, 7129991, "e", "w", 0, "1", '2022-09-17', "int"),
("2223", "2", 1, 7, 6225934, "e", "z", 0, "0", '2022-09-17', "int"),
("2223", "2", 1, 8, 8552038, "e", "w", 0, "½", '2022-09-17', "int"),
("2223", "2", 2, 1, 6483455, "e", "w", 0, "1", '2022-10-08', "int"),
("2223", "2", 2, 2, 6335670, "e", "z", 0, "0", '2022-10-08', "int"),
("2223", "2", 2, 3, 7509920, "e", "w", 0, "1", '2022-10-08', "int"),
("2223", "2", 2, 4, 5968611, "e", "z", 0, "1", '2022-10-08', "int"),
("2223", "2", 2, 5, 7129991, "e", "w", 0, "½", '2022-10-08', "int"),
("2223", "2", 2, 6, 6225934, "e", "z", 0, "1", '2022-10-08', "int"),
("2223", "2", 2, 7, 8112654, "e", "w", 0, "1", '2022-10-08', "int"),
("2223", "2", 2, 8, 7292043, "e", "z", 0, "1", '2022-10-08', "int"),
("2223", "2", 3, 1, 6483455, "e", "w", 0, "0", '2022-11-05', "int"),
("2223", "2", 3, 2, 8096242, "e", "z", 0, "½", '2022-11-05', "int"),
("2223", "2", 3, 3, 6335670, "e", "w", 0, "½", '2022-11-05', "int"),
("2223", "2", 3, 4, 7509920, "e", "z", 0, "0", '2022-11-05', "int"),
("2223", "2", 3, 5, 5968611, "e", "w", 0, "1", '2022-11-05', "int"),
("2223", "2", 3, 6, 7879520, "e", "z", 0, "0", '2022-11-05', "int"),
("2223", "2", 3, 7, 7129991, "e", "w", 0, "1", '2022-11-05', "int"),
("2223", "2", 3, 8, 8112654, "e", "z", 0, "0", '2022-11-05', "int"),
("2223", "2", 4, 1, 6483455, "e", "z", 0, "0", '2022-11-26', "int"),
("2223", "2", 4, 2, 6335670, "e", "w", 0, "1", '2022-11-26', "int"),
("2223", "2", 4, 3, 7509920, "e", "z", 0, "1", '2022-11-26', "int"),
("2223", "2", 4, 4, 7879520, "e", "w", 0, "1", '2022-11-26', "int"),
("2223", "2", 4, 5, 7707832, "e", "z", 0, "0", '2022-11-26', "int"),
("2223", "2", 4, 6, 7129991, "e", "w", 0, "½", '2022-11-26', "int"),
("2223", "2", 4, 7, 6225934, "e", "z", 0, "1", '2022-11-26', "int"),
("2223", "2", 4, 8, 8112654, "e", "w", 0, "1", '2022-11-26', "int");

-- Waagtoren 3
select * from uitslag where seizoen = "2223" and teamCode = "3" order by rondeNummer, bordNummer;
delete from uitslag where seizoen = "2223" and teamCode = "3" and rondeNummer = 5; -- TODO wijzigen

insert into uitslag (seizoen, teamCode, rondeNummer, bordNummer, knsbNummer, partij, witZwart, tegenstanderNummer, resultaat, datum, anderTeam) values
("2223", "3", 1, 1, 7292043, "e", "z", 0, "1", '2022-09-17', "int"),
("2223", "3", 1, 2, 7758014, "e", "w", 0, "½", '2022-09-17', "int"),
("2223", "3", 1, 3, 6572511, "e", "z", 0, "½", '2022-09-17', "int"),
("2223", "3", 1, 4, 7699010, "e", "w", 0, "½", '2022-09-17', "int"),
("2223", "3", 1, 5, 8484443, "e", "z", 0, "½", '2022-09-17', "int"),
("2223", "3", 1, 6, 8587337, "e", "w", 0, "½", '2022-09-17', "int"),
("2223", "3", 1, 7, 7504310, "e", "z", 0, "1", '2022-09-17', "int"),
("2223", "3", 1, 8, 8400183, "e", "w", 0, "1", '2022-09-17', "int"),
("2223", "3", 2, 1, 7535385, "e", "w", 0, "½", '2022-10-08', "int"),
("2223", "3", 2, 2, 7758014, "e", "z", 0, "0", '2022-10-08', "int"),
("2223", "3", 2, 3, 6572511, "e", "w", 0, "1", '2022-10-08', "int"),
("2223", "3", 2, 4, 7809285, "e", "z", 0, "1", '2022-10-08', "int"),
("2223", "3", 2, 5, 8484443, "e", "w", 0, "½", '2022-10-08', "int"),
("2223", "3", 2, 6, 8587337, "e", "z", 0, "1", '2022-10-08', "int"),
("2223", "3", 2, 7, 7504310, "e", "w", 0, "0", '2022-10-08', "int"),
("2223", "3", 2, 8, 8400183, "e", "z", 0, "1", '2022-10-08', "int"),
("2223", "3", 3, 1, 7758014, "e", "w", 0, "0", '2022-11-05', "int"),
("2223", "3", 3, 2, 7699010, "e", "z", 0, "0", '2022-11-05', "int"),
("2223", "3", 3, 3, 6207520, "e", "w", 0, "0", '2022-11-05', "int"),
("2223", "3", 3, 4, 6572511, "e", "z", 0, "½", '2022-11-05', "int"),
("2223", "3", 3, 5, 8484443, "e", "w", 0, "1", '2022-11-05', "int"),
("2223", "3", 3, 6, 8587337, "e", "z", 0, "½", '2022-11-05', "int"),
("2223", "3", 3, 7, 8400183, "e", "w", 0, "0", '2022-11-05', "int"),
("2223", "3", 3, 8, 7504310, "e", "z", 0, "0", '2022-11-05', "int"),
("2223", "3", 4, 1, 7535385, "e", "z", 0, "½", '2022-11-26', "int"),
("2223", "3", 4, 2, 6572511, "e", "w", 0, "1", '2022-11-26', "int"),
("2223", "3", 4, 3, 7758014, "e", "z", 0, "0", '2022-11-26', "int"),
("2223", "3", 4, 4, 7699010, "e", "w", 0, "0", '2022-11-26', "int"),
("2223", "3", 4, 5, 8484443, "e", "z", 0, "1", '2022-11-26', "int"),
("2223", "3", 4, 6, 8587337, "e", "w", 0, "1", '2022-11-26', "int"),
("2223", "3", 4, 7, 8400183, "e", "z", 0, "0", '2022-11-26', "int"),
("2223", "3", 4, 8, 7504310, "e", "w", 0, "0", '2022-11-26', "int");

-- Waagtoren 4
select * from uitslag where seizoen = "2223" and teamCode = "4" order by rondeNummer, bordNummer;
delete from uitslag where seizoen = "2223" and teamCode = "4" and rondeNummer = 4; -- TODO wijzigen

insert into uitslag (seizoen, teamCode, rondeNummer, bordNummer, knsbNummer, partij, witZwart, tegenstanderNummer, resultaat, datum, anderTeam) values
("2223", "4", 1, 0, 7399469, "n", "", 0, "", '2022-10-08', "int"),
("2223", "4", 1, 0, 7649213, "n", "", 0, "", '2022-10-08', "int"),
("2223", "4", 1, 0, 7809285, "n", "", 0, "", '2022-10-08', "int"),
("2223", "4", 1, 0, 8276752, "n", "", 0, "", '2022-10-08', "int"),
("2223", "4", 1, 1, 6214153, "e", "w", 0, "1", '2022-10-08', "int"),
("2223", "4", 1, 2, 7282033, "e", "z", 0, "1", '2022-10-08', "int"),
("2223", "4", 1, 3, 7904589, "e", "w", 0, "1", '2022-10-08', "int"),
("2223", "4", 1, 4, 6212404, "e", "z", 0, "1", '2022-10-08', "int"),
("2223", "4", 1, 5, 8485059, "e", "w", 0, "½", '2022-10-08', "int"),
("2223", "4", 1, 6, 7321534, "e", "z", 0, "1", '2022-10-08', "int"),
("2223", "4", 1, 7, 8472530, "e", "w", 0, "1", '2022-10-08', "int"),
("2223", "4", 1, 8, 7771665, "e", "z", 0, "1", '2022-10-08', "int"),
("2223", "4", 2, 1, 7809285, "e", "w", 0, "0", '2022-11-05', "int"),
("2223", "4", 2, 2, 7292043, "e", "z", 0, "1", '2022-11-05', "int"),
("2223", "4", 2, 3, 8276752, "e", "w", 0, "0", '2022-11-05', "int"),
("2223", "4", 2, 4, 6212404, "e", "z", 0, "0", '2022-11-05', "int"),
("2223", "4", 2, 5, 8886625, "e", "w", 0, "1", '2022-11-05', "int"),
("2223", "4", 2, 6, 7321534, "e", "z", 0, "1", '2022-11-05', "int"),
("2223", "4", 2, 7, 8472530, "e", "w", 0, "1", '2022-11-05', "int"),
("2223", "4", 2, 8, 7691728, "e", "z", 0, "0", '2022-11-05', "int"),
("2223", "4", 3, 1, 7809285, "e", "z", 0, "1", '2022-11-26', "int"),
("2223", "4", 3, 2, 7282033, "e", "w", 0, "½", '2022-11-26', "int"),
("2223", "4", 3, 3, 8276752, "e", "z", 0, "0", '2022-11-26', "int"),
("2223", "4", 3, 4, 7649213, "e", "w", 0, "0", '2022-11-26', "int"),
("2223", "4", 3, 5, 7399469, "e", "z", 0, "1", '2022-11-26', "int"),
("2223", "4", 3, 6, 6212404, "e", "w", 0, "1", '2022-11-26', "int"),
("2223", "4", 3, 7, 8472530, "e", "z", 0, "1", '2022-11-26', "int"),
("2223", "4", 3, 8, 8485059, "e", "w", 0, "1", '2022-11-26', "int");

-- Waagtoren n1
select * from uitslag where seizoen = "2223" and teamCode = "n1" order by rondeNummer, bordNummer;
delete from uitslag where seizoen = "2223" and teamCode = "n1" and rondeNummer = 3; -- TODO wijzigen

insert into uitslag (seizoen, teamCode, rondeNummer, bordNummer, knsbNummer, partij, witZwart, tegenstanderNummer, resultaat, datum, anderTeam) values
("2223", "n1", 1, 1, 7970094, "e", "w", 0, "1", '2022-09-30', "int"),
("2223", "n1", 1, 2, 7099950, "e", "z", 0, "½", '2022-09-30', "int"),
("2223", "n1", 1, 3, 7428960, "e", "w", 0, "1", '2022-09-30', "int"),
("2223", "n1", 1, 4, 7099620, "e", "z", 0, "0", '2022-09-30', "int"),
("2223", "n1", 1, 5, 7613166, "e", "w", 0, "0", '2022-09-30', "int"),
("2223", "n1", 1, 6, 7879520, "e", "z", 0, "1", '2022-09-30', "int"),
("2223", "n1", 1, 7, 6225934, "e", "w", 0, "1", '2022-09-30', "int"),
("2223", "n1", 1, 8, 8611922, "e", "z", 0, "0", '2022-09-30', "int"),
("2223", "n1", 2, 0, 7970094, "n", "", 0, "", '2022-10-25', "int"),
("2223", "n1", 2, 1, 7657342, "e", "z", 0, "1", '2022-10-25', "int"),
("2223", "n1", 2, 2, 7428960, "e", "w", 0, "1", '2022-10-25', "int"),
("2223", "n1", 2, 3, 7099950, "e", "z", 0, "1", '2022-10-25', "int"),
("2223", "n1", 2, 4, 6225934, "e", "w", 0, "0", '2022-10-25', "int"),
("2223", "n1", 2, 5, 7613166, "e", "z", 0, "½", '2022-10-25', "int"),
("2223", "n1", 2, 6, 7099620, "e", "w", 0, "0", '2022-10-25', "int"),
("2223", "n1", 2, 7, 7707832, "e", "z", 0, "½", '2022-10-25', "int"),
("2223", "n1", 2, 8, 7129991, "e", "w", 0, "1", '2022-10-25', "int"),
("2223", "n1", 3, 1, 7613166, "e", "w", 0, "½", '2022-11-14', "int"),
("2223", "n1", 3, 2, 7970094, "e", "z", 0, "½", '2022-11-14', "int"),
("2223", "n1", 3, 3, 7099620, "e", "w", 0, "½", '2022-11-14', "int"),
("2223", "n1", 3, 4, 7428960, "e", "z", 0, "½", '2022-11-14', "int"),
("2223", "n1", 3, 5, 7129991, "e", "w", 0, "1", '2022-11-14', "int"),
("2223", "n1", 3, 6, 7099950, "e", "z", 0, "0", '2022-11-14', "int"),
("2223", "n1", 3, 7, 7707832, "e", "w", 0, "½", '2022-11-14', "int"),
("2223", "n1", 3, 8, 6225934, "e", "z", 0, "1", '2022-11-14', "int");

-- Waagtoren n2
select * from uitslag where seizoen = "2223" and teamCode = "n2" order by rondeNummer, bordNummer;
delete from uitslag where seizoen = "2223" and teamCode = "n2" and rondeNummer = 3; -- TODO wijzigen

insert into uitslag (seizoen, teamCode, rondeNummer, bordNummer, knsbNummer, partij, witZwart, tegenstanderNummer, resultaat, datum, anderTeam) values
("2223", "n2", 1, 1, 8611922, "e", "w", 0, "0", '2022-09-24', "int"),
("2223", "n2", 1, 2, 7529522, "e", "z", 0, "1", '2022-09-24', "int"),
("2223", "n2", 1, 3, 7758014, "e", "w", 0, "1", '2022-09-24', "int"),
("2223", "n2", 1, 4, 7292043, "e", "z", 0, "0", '2022-09-24', "int"),
("2223", "n2", 1, 5, 7699010, "e", "w", 0, "1", '2022-09-24', "int"),
("2223", "n2", 1, 6, 7504310, "e", "z", 0, "1", '2022-09-24', "int"),
("2223", "n2", 1, 7, 8750093, "e", "w", 0, "1", '2022-09-24', "int"),
("2223", "n2", 1, 8, 8587337, "e", "z", 0, "0", '2022-09-24', "int"),
("2223", "n2", 2, 0, 7504310, "t", "", 0, "", '2022-10-25', "int"),
("2223", "n2", 2, 1, 8611922, "e", "z", 0, "0", '2022-10-25', "int"),
("2223", "n2", 2, 2, 7529522, "e", "w", 0, "1", '2022-10-25', "int"),
("2223", "n2", 2, 3, 7468362, "e", "z", 0, "0", '2022-10-25', "int"),
("2223", "n2", 2, 4, 7699010, "e", "w", 0, "1", '2022-10-25', "int"),
("2223", "n2", 2, 5, 8484443, "e", "z", 0, "0", '2022-10-25', "int"),
("2223", "n2", 2, 6, 8587337, "e", "w", 0, "1", '2022-10-25', "int"),
("2223", "n2", 2, 7, 8750093, "e", "z", 0, "1", '2022-10-25', "int"),
("2223", "n2", 2, 8, 8400183, "e", "w", 0, "1", '2022-10-25', "int"),
("2223", "n2", 3, 1, 8611922, "e", "w", 0, "1", '2022-11-18', "int"),
("2223", "n2", 3, 2, 7529522, "e", "z", 0, "0", '2022-11-18', "int"),
("2223", "n2", 3, 3, 7758014, "e", "w", 0, "½", '2022-11-18', "int"),
("2223", "n2", 3, 4, 7699010, "e", "z", 0, "0", '2022-11-18', "int"),
("2223", "n2", 3, 5, 7468362, "e", "w", 0, "½", '2022-11-18', "int"),
("2223", "n2", 3, 6, 7504310, "e", "z", 0, "½", '2022-11-18', "int"),
("2223", "n2", 3, 7, 8484443, "e", "w", 0, "1", '2022-11-18', "int"),
("2223", "n2", 3, 8, 8587337, "e", "z", 0, "0", '2022-11-18', "int");

-- Waagtoren n3
select * from uitslag where seizoen = "2223" and teamCode = "n3" order by rondeNummer, bordNummer;
delete from uitslag where seizoen = "2223" and teamCode = "n3" and rondeNummer = 3; -- TODO wijzigen

insert into uitslag (seizoen, teamCode, rondeNummer, bordNummer, knsbNummer, partij, witZwart, tegenstanderNummer, resultaat, datum, anderTeam) values
("2223", "n3", 1, 1, 6214153, "e", "w", 0, "½", '2022-10-14', "int"),
("2223", "n3", 1, 2, 8372881, "e", "z", 0, "1", '2022-10-14', "int"),
("2223", "n3", 1, 3, 8276752, "e", "w", 0, "½", '2022-10-14', "int"),
("2223", "n3", 1, 4, 7282033, "e", "z", 0, "0", '2022-10-14', "int"),
("2223", "n3", 1, 5, 7210137, "e", "w", 0, "0", '2022-10-14', "int"),
("2223", "n3", 1, 6, 7731812, "e", "z", 0, "0", '2022-10-14', "int"),
("2223", "n3", 2, 1, 6214153, "e", "z", 0, "0", '2022-11-08', "int"),
("2223", "n3", 2, 2, 8372881, "e", "w", 0, "1", '2022-11-08', "int"),
("2223", "n3", 2, 3, 8276752, "e", "z", 0, "0", '2022-11-08', "int"),
("2223", "n3", 2, 4, 7282033, "e", "w", 0, "1", '2022-11-08', "int"),
("2223", "n3", 2, 5, 7210137, "e", "z", 0, "½", '2022-11-08', "int"),
("2223", "n3", 2, 6, 7731812, "e", "w", 0, "½", '2022-11-08', "int"),
("2223", "n3", 3, 1, 6214153, "e", "w", 0, "0", '2022-11-29', "int"),
("2223", "n3", 3, 2, 8372881, "e", "z", 0, "1", '2022-11-29', "int"),
("2223", "n3", 3, 3, 8276752, "e", "w", 0, "0", '2022-11-29', "int"),
("2223", "n3", 3, 4, 7282033, "e", "z", 0, "0", '2022-11-29', "int"),
("2223", "n3", 3, 5, 7210137, "e", "w", 0, "0", '2022-11-29', "int"),
("2223", "n3", 3, 6, 7731812, "e", "z", 0, "½", '2022-11-29', "int");

use waagtoren;
-- Waagtoren nv1
select * from uitslag where seizoen = "2223" and teamCode = "nv1" order by rondeNummer, bordNummer;
delete from uitslag where seizoen = "2223" and teamCode = "nv1" and rondeNummer = 1; -- TODO wijzigen

insert into uitslag (seizoen, teamCode, rondeNummer, bordNummer, knsbNummer, partij, witZwart, tegenstanderNummer, resultaat, datum, anderTeam) values
("2223", "nv1", 1, 1, 6212404, "e", "w", 0, "½", '2022-11-22', "int"),
("2223", "nv1", 1, 2, 7518203, "e", "z", 0, "0", '2022-11-22', "int"),
("2223", "nv1", 1, 3, 7321534, "e", "w", 0, "1", '2022-11-22', "int"),
("2223", "nv1", 1, 4, 8073978, "e", "z", 0, "1", '2022-11-22', "int");

-- Waagtoren nv2
select * from uitslag where seizoen = "2223" and teamCode = "nv2" order by rondeNummer, bordNummer;
delete from uitslag where seizoen = "2223" and teamCode = "nv2" and rondeNummer = 1; -- TODO wijzigen

insert into uitslag (seizoen, teamCode, rondeNummer, bordNummer, knsbNummer, partij, witZwart, tegenstanderNummer, resultaat, datum, anderTeam) values
("2223", "nv2", 1, 1, 7691728, "e", "z", 0, "0", '2022-11-22', "int"),
("2223", "nv2", 1, 2, 8144191, "e", "w", 0, "1", '2022-11-22', "int"),
("2223", "nv2", 1, 3, 8931098, "e", "z", 0, "0", '2022-11-22', "int"),
("2223", "nv2", 1, 4, 8978717, "e", "w", 0, "0", '2022-11-22', "int");

-- TODO NHSB 25-10-2022 ???
set @datum = '2022-10-25';
select * from uitslag where seizoen = '2223' and teamCode <> anderTeam and datum = @datum;
delete from uitslag where seizoen = '2223' and teamCode <> anderTeam and datum = @datum;

-- TODO ranglijst Rapid ??
set @competitie = 'ira';
set @ronde = 5;

select naam, u.* from uitslag u join persoon p on p.knsbNummer = u.knsbNummer
where seizoen = '2122' and teamCode = @competitie and rondeNummer = @ronde order by bordNummer, witZwart; -- and u.knsbNummer in (@wit, @zwart);

-- TODO alle mutaties van P.J. van Diepen verwijderen

delete from mutatie where knsbNummer = 97;

-- TODO partij wijzigen
use waagtoren;

set @seizoen = '2223';
set @competitie = 'int';
set @ronde = 11;
set @bord = 9;

select naam, u.* from uitslag u join persoon p on p.knsbNummer = u.knsbNummer
where seizoen = @seizoen and teamCode = @competitie and rondeNummer = @ronde and bordNummer = @bord;

set @wit = 8865549; -- Erno
set @zwart = 120; -- Emiel
set @oneven = 8243312; -- Harry
set @afwezig = 106; -- Abdulrahid

update uitslag set bordNummer = 0, partij = 'a', witZwart = '', tegenstanderNummer = 0, resultaat = ''
where seizoen = '2122' and teamCode = @competitie and rondeNummer = @ronde and knsbNummer = @afwezig;

select naam, u.* from uitslag u join persoon p on p.knsbNummer = u.knsbNummer
where seizoen = @seizoen and teamCode = @competitie and rondeNummer = @ronde and partij = 'i' order by bordNummer, witZwart;

select naam, u.* from uitslag u join persoon p on p.knsbNummer = u.knsbNummer
where seizoen = @seizoen and teamCode = @competitie and rondeNummer = @ronde and u.knsbNummer in (@wit, @zwart, @oneven, @afwezig);

-- TODO afwezig maken

update uitslag set bordNummer = 0, partij = 'a', witZwart = '', tegenstanderNummer = 0, resultaat = ''
where seizoen = '2223' and teamCode = @competitie and rondeNummer = @ronde and knsbNummer = @afwezig;

-- TODO oneven maken

update uitslag set bordNummer = 0, partij = 'o', witZwart = '', tegenstanderNummer = 0, resultaat = ''
where seizoen = @seizoen and teamCode = @competitie and rondeNummer = @ronde and knsbNummer = @oneven;

-- TODO partij wijzigen

update uitslag set bordNummer = @bord, partij = 'i', witZwart = 'w', tegenstanderNummer = @zwart, resultaat = ''
where seizoen = @seizoen and teamCode = @competitie and rondeNummer = @ronde and knsbNummer = @wit;
update uitslag set bordNummer = @bord, partij = 'i', witZwart = 'z', tegenstanderNummer = @wit, resultaat = ''
where seizoen = @seizoen and teamCode = @competitie and rondeNummer = @ronde and knsbNummer = @zwart;

-- TODO wit / zwart wijzigen

update uitslag set witZwart = 'w'
where seizoen = @seizoen and teamCode = @competitie and rondeNummer = @ronde and knsbNummer = @wit;
update uitslag set witZwart = 'z'
where seizoen = @seizoen and teamCode = @competitie and rondeNummer = @ronde and knsbNummer = @zwart;

-- TODO spelers selecteren
select naam, s.knsbNummer, knsbRating, knsbOpgegeven, nhsbOpgegeven 
from speler s join persoon p on p.knsbNummer = s.knsbNummer 
where seizoen = '2122' order by knsbRating desc; -- naam;

-- TODO wedstrijd tijdens interne competitie
set @team = 'n2'; -- Waagtoren n2 - Aartswoud n1
set @ronde = 3;
set @intern = 21;
set @uithuis = 't';

select naam, u.* from uitslag u join persoon p on u.knsbNummer = p.knsbNummer 
where seizoen = '2122' and ((teamCode = 'int' and rondeNummer = @intern) or (teamCode = @team and rondeNummer = @ronde)) and u.knsbNummer in 
(select knsbNummer from uitslag where seizoen = '2122' and teamCode = @team and rondeNummer = @ronde);

update uitslag set partij = 't'
where seizoen = '2122' and teamCode = 'int' and rondeNummer = @intern and knsbNummer in 
(8611922, 7529522, 6930957, 7758014, 8400183, 8587337, 8484443);
update uitslag set partij = 't'
where seizoen = '2122' and teamCode = @team and rondeNummer = @ronde and knsbNummer in 
(8611922, 7529522, 6930957, 7758014, 8400183, 8587337, 8484443);

select naam, u.* from uitslag u join persoon p on u.knsbNummer = p.knsbNummer
where seizoen = '2122' and teamCode = @team and rondeNummer = @ronde;

select * from uitslag where seizoen = '2122' and teamCode = @team and rondeNummer = @ronde and bordNummer = 0;
delete from uitslag where seizoen = '2122' and teamCode = @team and rondeNummer = @ronde and bordNummer = 0;
update uitslag set knsbNummer = 1 where seizoen = '2122' and teamCode = @team and rondeNummer = @ronde and knsbNummer = 0;

insert into uitslag (seizoen, teamCode, rondeNummer, bordNummer, knsbNummer, partij, witZwart, tegenstanderNummer, resultaat, datum, anderTeam) values
('2122', @team, @ronde, 0, 8750093, @uithuis, '', 0, '', '2022-04-19', 'int'), -- Martin Rep (Waagtoren n4 - Heerhugowaard n1)
('2122', @team, @ronde, 0, 7399469, @uithuis, '', 0, '', '2022-04-19', 'int'), -- Nico Mak
('2122', @team, @ronde, 0, 7321534, @uithuis, '', 0, '', '2022-04-19', 'int'), -- Ronald Kamps
('2122', @team, @ronde, 0, 8472530, @uithuis, '', 0, '', '2022-04-19', 'int'), -- Rosa Leek
('2122', @team, @ronde, 0, 7518203, @uithuis, '', 0, '', '2022-04-19', 'int'); -- Theo de Bruijn

-- TODO speler toevoegen 
insert into persoon (knsbNummer, naam) values
(7838963, 'Kevin Tan');

insert into speler (seizoen, nhsbTeam, nhsbOpgegeven, knsbTeam, knsbOpgegeven, knsbNummer, knsbRating, datumRating) values
('2122', '', '', '', '', 7838963, 2194, '2022-06-01');

-- TODO wedstrijden en ronden voor vandaag opruimen
set @datum = '2022-11-11';
set @seizoen = '2223';
select * from uitslag where seizoen = @seizoen and datum < @datum and partij in ('m', 'n', 'u', 't') order by datum;

delete from uitslag where seizoen = @seizoen and datum < @datum and partij in ('m', 'n', 'u', 't');

delete from uitslag where seizoen = '21ra' and datum < '2022-03-12' and partij in ('m', 'n', 'u', 't');

-- TODO partij = 'e' voor externe wedstrijd op dinsdag
select * from uitslag i
where seizoen = '2122' and teamCode = 'int' and rondeNummer = 13 and knsbNummer in 
(select knsbNummer from uitslag where seizoen = '2122' and teamCode <> 'int' and datum = i.datum) 
order by partij; 

update uitslag set partij = 'e' 
where seizoen = '2122' and teamCode = 'int' and rondeNummer = 13 and knsbNummer in (7707832, 8112654, 7970094, 7879520, 6225934, 6483455, 7129991, 7428960); 

-- deze werkt niet!
update uitslag i set partij = 'e'
where seizoen = '2122' and teamCode = 'int' and rondeNummer = 13 and knsbNummer in 
(select knsbNummer from uitslag where seizoen = '2122' and teamCode <> 'int' and datum = i.datum); 

delete from uitslag where seizoen = '2122' and datum < '2022-03-01' and partij in ('m', 'n', 'u', 't');
