use waagtoren;

-- 0 deelnemers in seizoen 2122
insert into persoon (knsbNummer, naam, dummy);

insert into speler (seizoen, nhsbTeam, knsbTeam, knsbNummer, knsbRating, datumRating) values
('2122', '', '', 101, 1000, '2021-08-06'),
('2122', '', '', 102, 1000, '2021-08-06'),
('2122', '', '', 103, 1000, '2021-08-06'),
('2122', '', '', 105, 1000, '2021-08-06'),
('2122', '', '', 106, 1000, '2021-08-06'),
('2122', '', '', 107, 1000, '2021-08-06'),
('2122', '', '', 109, 1000, '2021-08-06'),
('2122', '', '', 110, 1000, '2021-08-06'),
('2122', '', '', 111, 1000, '2021-08-19'),
('2122', '', '', 112, 1000, '2021-08-19'),
('2122', '', '', 113, 1250, '2021-09-04'),
('2122', '', '', 114, 1550, '2021-09-13'),
('2122', '', '', 115, 1000, '2021-09-14'),
('2122', '', '', 116, 1000, '2021-09-14'),
('2122', '', '', '7584566', '2333', '2021-08-01'),
('2122', '', '', '7657342', '2299', '2021-08-01'),
('2122', '', '', '7970094', '2271', '2021-08-01'),
('2122', '', '', '8180810', '2243', '2021-08-01'),
('2122', '', '', '7079743', '2240', '2021-08-01'),
('2122', '', '', '7428960', '2211', '2021-08-01'),
('2122', '', '', '8285574', '2171', '2021-08-01'),
('2122', '', '', '7561653', '2136', '2021-08-01'),
('2122', '', '', '6335670', '2130', '2021-08-01'),
('2122', '', '', '8096242', '2126', '2021-08-01'),
('2122', '', '', '7828183', '2107', '2021-08-01'),
('2122', '', '', '6483455', '2103', '2021-08-01'),
('2122', '', '', '7099950', '2079', '2021-08-01'),
('2122', '', '', '7468417', '2021', '2021-08-01'),
('2122', '', '', '7129991', '2020', '2021-08-01'),
('2122', '', '', '7099620', '1996', '2021-08-01'),
('2122', '', '', '7879520', '1985', '2021-08-01'),
('2122', '', '', '7509920', '1960', '2021-08-01'),
('2122', '', '', '7707832', '1950', '2021-08-01'),
('2122', '', '', '6225934', '1943', '2021-08-01'),
('2122', '', '', '7665834', '1939', '2021-08-01'),
('2122', '', '', '6572511', '1907', '2021-08-01'),
('2122', '', '', '7063881', '1903', '2021-08-01'),
('2122', '', '', '7739314', '1902', '2021-08-01'),
('2122', '', '', '8112654', '1890', '2021-08-01'),
('2122', '', '', '7529522', '1889', '2021-08-01'),
('2122', '', '', '6930957', '1883', '2021-08-01'),
('2122', '', '', '7535396', '1882', '2021-08-01'),
('2122', '', '', '7535385', '1877', '2021-08-01'),
('2122', '', '', '8552038', '1872', '2021-08-01'),
('2122', '', '', '7544438', '1871', '2021-08-01'),
('2122', '', '', '7292043', '1860', '2021-08-01'),
('2122', '', '', '7640798', '1860', '2021-08-01'),
('2122', '', '', '7824674', '1845', '2021-08-01'),
('2122', '', '', '7758014', '1829', '2021-08-01'),
('2122', '', '', '7468362', '1819', '2021-08-01'),
('2122', '', '', '6951362', '1815', '2021-08-01'),
('2122', '', '', '7699010', '1807', '2021-08-01'),
('2122', '', '', '7504310', '1806', '2021-08-01'),
('2122', '', '', '7809285', '1794', '2021-08-01'),
('2122', '', '', '7904589', '1792', '2021-08-01'),
('2122', '', '', '8611922', '1790', '2021-08-01'),
('2122', '', '', '8372881', '1768', '2021-08-01'),
('2122', '', '', '6214153', '1754', '2021-08-01'),
('2122', '', '', '8484443', '1754', '2021-08-01'),
('2122', '', '', '7282033', '1736', '2021-08-01'),
('2122', '', '', '7707084', '1721', '2021-08-01'),
('2122', '', '', '7502143', '1719', '2021-08-01'),
('2122', '', '', '8291877', '1708', '2021-08-01'),
('2122', '', '', '7210137', '1701', '2021-08-01'),
('2122', '', '', '7731812', '1700', '2021-08-01'),
('2122', '', '', '8276752', '1697', '2021-08-01'),
('2122', '', '', '7649213', '1691', '2021-08-01'),
('2122', '', '', '8587337', '1688', '2021-08-01'),
('2122', '', '', '7399469', '1671', '2021-08-01'),
('2122', '', '', '7419621', '1670', '2021-08-01'),
('2122', '', '', '8750093', '1664', '2021-08-01'),
('2122', '', '', '8571453', '1656', '2021-08-01'),
('2122', '', '', '6212404', '1652', '2021-08-01'),
('2122', '', '', '8485059', '1611', '2021-08-01'),
('2122', '', '', '8400183', '1597', '2021-08-01'),
('2122', '', '', '8224502', '1579', '2021-08-01'),
('2122', '', '', '7269834', '1573', '2021-08-01'),
('2122', '', '', '8182416', '1560', '2021-08-01'),
('2122', '', '', '7518203', '1551', '2021-08-01'),
('2122', '', '', '8305473', '1542', '2021-08-01'),
('2122', '', '', '7321534', '1540', '2021-08-01'),
('2122', '', '', '8314834', '1516', '2021-08-01'),
('2122', '', '', '8073978', '1509', '2021-08-01'),
('2122', '', '', '7227264', '1499', '2021-08-01'),
('2122', '', '', '8617367', '1487', '2021-08-01'),
('2122', '', '', '6192098', '1481', '2021-08-01'),
('2122', '', '', '8193548', '1460', '2021-08-01'),
('2122', '', '', '7691728', '1425', '2021-08-01'),
('2122', '', '', '8587348', '1422', '2021-08-01'),
('2122', '', '', '8472530', '1386', '2021-08-01'),
('2122', '', '', '8144191', '1376', '2021-08-01'),
('2122', '', '', '6187885', '1374', '2021-08-01'),
('2122', '', '', '7582102', '1281', '2021-08-01'),
('2122', '', '', '8335415', '1229', '2021-08-01'),
('2122', '', '', '8580374', '1223', '2021-08-01'),
('2122', '', '', '8580385', '1212', '2021-08-01'),
('2122', '', '', '8865549', '1000', '2021-08-01'),
('2122', '', '', '8931098', '1000', '2021-08-01');

insert into team (seizoen, teamCode, bond, poule, omschrijving, borden) values
('2122', '', '', '', 'geen team', '0'),
('2122', 'int', 'i', 'nt', 'interne competitie', '0'),
('2122', '1', 'k', '1a', 'KNSB 1a', '10'),
('2122', '2', 'k', '3d', 'KNSB 3d', '8'),
('2122', '3', 'k', '4e', 'KNSB 4e', '8'),
('2122', '4', 'k', '6c', 'KNSB 6c', '8'),
('2122', 'int', '1', 't', '', 'Alkmaar', '2021-09-07'),
('2122', 'int', '2', 't', '', 'Alkmaar', '2021-09-14'),
('2122', 'int', '3', 't', '', 'Alkmaar', '2021-09-21'),
('2122', 'int', '4', 't', '', 'Alkmaar', '2021-09-28'),
('2122', 'int', '5', 't', '', 'Alkmaar', '2021-10-05'),
('2122', 'int', '6', 't', '', 'Alkmaar', '2021-10-12'),
('2122', 'int', '7', 't', '', 'Alkmaar', '2021-10-26'),
('2122', 'int', '8', 't', '', 'Alkmaar', '2021-11-02'),
('2122', 'int', '9', 't', '', 'Alkmaar', '2021-11-09'),
('2122', 'int', '10', 't', '', 'Alkmaar', '2021-11-16'),
('2122', 'int', '11', 't', '', 'Alkmaar', '2021-11-23'),
('2122', 'int', '12', 't', '', 'Alkmaar', '2021-11-30'),
('2122', 'int', '13', 't', '', 'Alkmaar', '2021-12-07'),
('2122', 'int', '14', 't', '', 'Alkmaar', '2021-12-14'),
('2122', 'int', '15', 't', '', 'Alkmaar', '2022-01-04'),
('2122', 'int', '16', 't', '', 'Alkmaar', '2022-01-11'),
('2122', 'int', '17', 't', '', 'Alkmaar', '2022-01-18'),
('2122', 'int', '18', 't', '', 'Alkmaar', '2022-02-01'),
('2122', 'int', '19', 't', '', 'Alkmaar', '2022-02-08'),
('2122', 'int', '20', 't', '', 'Alkmaar', '2022-02-15'),
('2122', 'int', '21', 't', '', 'Alkmaar', '2022-03-01'),
('2122', 'int', '22', 't', '', 'Alkmaar', '2022-03-08'),
('2122', 'int', '23', 't', '', 'Alkmaar', '2022-03-15'),
('2122', 'int', '24', 't', '', 'Alkmaar', '2022-03-22'),
('2122', 'int', '25', 't', '', 'Alkmaar', '2022-03-29'),
('2122', 'int', '26', 't', '', 'Alkmaar', '2022-04-05'),
('2122', 'int', '27', 't', '', 'Alkmaar', '2022-04-12'),
('2122', 'int', '28', 't', '', 'Alkmaar', '2022-04-19'),
('2122', 'int', '29', 't', '', 'Alkmaar', '2022-04-26'),
('2122', 'int', '30', 't', '', 'Alkmaar', '2022-05-10'),
('2122', 'int', '31', 't', '', 'Alkmaar', '2022-05-17'),
('2122', 'int', '32', 't', '', 'Alkmaar', '2022-05-24'),
('2122', 'int', '33', 't', '', 'Alkmaar', '2022-05-31'),
('2122', '1', '1', 'u', 'Voorschoten 1', 'Voorschoten', '2021-09-18'),
('2122', '1', '2', 't', 'Philidor 1847 1', 'Alkmaar', '2021-10-09'),
('2122', '1', '3', 't', 'HWP Haarlem 1', 'Alkmaar', '2021-11-06'),
('2122', '1', '4', 'u', 'Wageningen 1', 'Wageningen', '2021-11-27'),
('2122', '1', '5', 't', 'Paul Keres 1', 'Alkmaar', '2021-12-18'),
('2122', '1', '6', 'u', 'Caissa-Eenhoorn 1', 'Hoorn', '2022-02-05'),
('2122', '1', '7', 't', 'Groninger Combinatie 2', 'Alkmaar', '2022-03-12'),
('2122', '1', '8', 'u', 'SG Max Euwe 1', 'Enschede', '2022-04-02'),
('2122', '1', '9', 't', 'Zukertort Amstelveen 1', 'Alkmaar', '2022-04-23'),
('2122', '2', '1', 'u', 'ZSC-Saende 1', 'Zaandam', '2021-09-18'),
('2122', '2', '2', 't', 'Laurierboom-Gambiet 1', 'Alkmaar', '2021-10-09'),
('2122', '2', '3', 't', 'HWP Haarlem 2', 'Alkmaar', '2021-11-06'),
('2122', '2', '4', 'u', 'ZSC-Saende 2', 'Zaandam', '2021-11-27'),
('2122', '2', '5', 't', 'De Wijker Toren 2', 'Alkmaar', '2021-12-18'),
('2122', '2', '6', 'u', 'Caissa-Eenhoorn 2', 'Hoorn', '2022-02-05'),
('2122', '2', '7', 't', 'Caissa 3', 'Alkmaar', '2022-03-12'),
('2122', '2', '8', 'u', 'Santpoort 1', 'Velserbroek', '2022-04-02'),
('2122', '2', '9', 't', 'Fischer Z 1', 'Alkmaar', '2022-04-23'),
('2122', '3', '1', 'u', 'Bergen 1', 'Bergen', '2021-09-18'),
('2122', '3', '2', 't', 'De Uil 1', 'Alkmaar', '2021-10-09'),
('2122', '3', '3', 't', 'HWP Haarlem 3', 'Alkmaar', '2021-11-06'),
('2122', '3', '4', 'u', 'Aartswoud 1', 'Hoogwoud', '2021-11-27'),
('2122', '3', '5', 't', 'Volendam 1', 'Alkmaar', '2021-12-18'),
('2122', '3', '6', 'u', 'Caissa-Eenhoorn 3', 'Zwaag', '2022-02-05'),
('2122', '3', '7', 't', 'Kennemer Combinatie 3', 'Alkmaar', '2022-03-12'),
('2122', '3', '8', 'u', 'vrije ronde', '', '2022-04-02'),
('2122', '3', '9', 't', 'Het Spaarne 1', 'Alkmaar', '2022-04-23'),
('2122', '4', '1', 't', 'Leiderdorp 2', 'Alkmaar', '2021-10-09'),
('2122', '4', '2', 'u', 'Woerden 3', 'Woerden', '2021-11-06'),
('2122', '4', '3', 't', 'Zukertort Amstelveen 3', 'Alkmaar', '2021-11-27'),
('2122', '4', '4', 'u', 'VAS 6', 'Amsterdam', '2021-12-18'),
('2122', '4', '5', 't', 'HWP Haarlem 4', 'Alkmaar', '2022-02-05'),
('2122', '4', '6', 'u', 'VAS 5', 'Amsterdam', '2022-03-12'),
('2122', '4', '7', 't', 'Purmerend 3', 'Alkmaar', '2022-04-02');

insert into uitslag (seizoen, teamCode, rondeNummer, bordNummer, knsbNummer, partij, witZwart, tegenstanderNummer, resultaat, datum, anderTeam) values
('2122', '1', 1, 8, 7099950, 'e', 'z', '0', '0', '2021-09-14', 'int'); -- Jos Vlaming speelt vooruit op

select * from uitslag where seizoen = '2122' and teamCode <> 'int' and rondeNummer = 1 order by teamCode, bordNummer desc;

delete from uitslag where seizoen = '2122' and teamCode <> 'int' and rondeNummer = 1 and partij in ('n', 'm');

-- KNSB competitie 18 september 2021 
insert into uitslag (seizoen, teamCode, rondeNummer, bordNummer, knsbNummer, partij, witZwart, tegenstanderNummer, resultaat, datum, anderTeam) values
('2122', '1', '1', '4', '6483455', 'e', 'z', '0', '1', '2021-09-18', 'int'),
('2122', '1', '1', '2', '7428960', 'e', 'z', '0', '0', '2021-09-18', 'int'),
('2122', '1', '1', '10', '7468417', 'e', 'z', '0', '1', '2021-09-18', 'int'),
('2122', '1', '1', '1', '7584566', 'e', 'w', '0', '1', '2021-09-18', 'int'),
('2122', '1', '1', '3', '7657342', 'e', 'w', '0', '1', '2021-09-18', 'int'),
('2122', '1', '1', '7', '7828183', 'e', 'w', '0', '1', '2021-09-18', 'int'),
('2122', '1', '1', '9', '8096242', 'e', 'w', '0', '½', '2021-09-18', 'int'),
('2122', '1', '1', '5', '8180810', 'e', 'w', '0', '1', '2021-09-18', 'int'),
('2122', '1', '1', '6', '8285574', 'e', 'z', '0', '1', '2021-09-18', 'int'),
('2122', '2', '1', '5', '6225934', 'e', 'w', '0', '1', '2021-09-18', 'int'),
('2122', '2', '1', '1', '6335670', 'e', 'w', '0', '1', '2021-09-18', 'int'),
('2122', '2', '1', '2', '7099620', 'e', 'z', '0', '1', '2021-09-18', 'int'),
('2122', '2', '1', '3', '7129991', 'e', 'w', '0', '1', '2021-09-18', 'int'),
('2122', '2', '1', '4', '7509920', 'e', 'z', '0', '1', '2021-09-18', 'int'),
('2122', '2', '1', '7', '7665834', 'e', 'w', '0', '0', '2021-09-18', 'int'),
('2122', '2', '1', '6', '7707832', 'e', 'z', '0', '0', '2021-09-18', 'int'),
('2122', '2', '1', '8', '8552038', 'e', 'z', '0', '0', '2021-09-18', 'int'),
('2122', '3', '1', '8', '6212404', 'e', 'z', '0', '½', '2021-09-18', 'int'),
('2122', '3', '1', '1', '7292043', 'e', 'w', '0', '0', '2021-09-18', 'int'),
('2122', '3', '1', '3', '7535385', 'e', 'w', '0', '0', '2021-09-18', 'int'),
('2122', '3', '1', '2', '7699010', 'e', 'z', '0', '1', '2021-09-18', 'int'),
('2122', '3', '1', '5', '7758014', 'e', 'w', '0', '½', '2021-09-18', 'int'),
('2122', '3', '1', '7', '8484443', 'e', 'w', '0', '0', '2021-09-18', 'int'),
('2122', '3', '1', '6', '8587337', 'e', 'z', '0', '0', '2021-09-18', 'int'),
('2122', '3', '1', '4', '8611922', 'e', 'z', '0', '½', '2021-09-18', 'int');

-- ronde 1
insert into uitslag (seizoen, teamCode, rondeNummer, bordNummer, knsbNummer, partij, witZwart, tegenstanderNummer, resultaat, datum, anderTeam) values
('2122', 'int', 1, 0, 7269834, 'a', '', 0, '', '2021-09-07', 'int'),
('2122', 'int', 1, 0, 8073978, 'a', '', 0, '', '2021-09-07', 'int'),
('2122', 'int', 1, 0, 7904589, 'a', '', 0, '', '2021-09-07', 'int'),
('2122', 'int', 1, 0, 7399469, 'a', '', 0, '', '2021-09-07', 'int'),
('2122', 'int', 1, 0, 7879520, 'a', '', 0, '', '2021-09-07', 'int'),
('2122', 'int', 1, 0, 7428960, 'a', '', 0, '', '2021-09-07', 'int'),
('2122', 'int', 1, 0, 7502143, 'a', '', 0, '', '2021-09-07', 'int'),
('2122', 'int', 1, 0, 7509920, 'a', '', 0, '', '2021-09-07', 'int'),
('2122', 'int', 1, 0, 7758014, 'a', '', 0, '', '2021-09-07', 'int'),
('2122', 'int', 1, 0, 7544438, 'a', '', 0, '', '2021-09-07', 'int'),
('2122', 'int', 1, 0, 7582102, 'a', '', 0, '', '2021-09-07', 'int'),
('2122', 'int', 1, 0, 7640798, 'a', '', 0, '', '2021-09-07', 'int'),
('2122', 'int', 1, 0, 8750093, 'a', '', 0, '', '2021-09-07', 'int'),
('2122', 'int', 1, 0, 7649213, 'a', '', 0, '', '2021-09-07', 'int'),
('2122', 'int', 1, 0, 7699010, 'a', '', 0, '', '2021-09-07', 'int'),
('2122', 'int', 1, 0, 7707084, 'a', '', 0, '', '2021-09-07', 'int'),
('2122', 'int', 1, 0, 105, 'a', '', 0, '', '2021-09-07', 'int'),
('2122', 'int', 1, 0, 115, 'a', '', 0, '', '2021-09-07', 'int'),
('2122', 'int', 1, 0, 114, 'a', '', 0, '', '2021-09-07', 'int'),
('2122', 'int', 1, 0, 8552038, 'a', '', 0, '', '2021-09-07', 'int'),
('2122', 'int', 1, 0, 116, 'a', '', 0, '', '2021-09-07', 'int'),
('2122', 'int', 1, 0, 8335415, 'a', '', 0, '', '2021-09-07', 'int'),
('2122', 'int', 1, 0, 8224502, 'a', '', 0, '', '2021-09-07', 'int'),
('2122', 'int', 1, 0, 6930957, 'a', '', 0, '', '2021-09-07', 'int'),
('2122', 'int', 1, 0, 6951362, 'a', '', 0, '', '2021-09-07', 'int'),
('2122', 'int', 1, 0, 8865549, 'a', '', 0, '', '2021-09-07', 'int'),
('2122', 'int', 1, 0, 7063881, 'a', '', 0, '', '2021-09-07', 'int'),
('2122', 'int', 1, 1, 7665834, 'i', 'w', 8096242, '0', '2021-09-07', 'int'),
('2122', 'int', 1, 1, 8096242, 'i', 'z', 7665834, '1', '2021-09-07', 'int'),
('2122', 'int', 1, 2, 6572511, 'i', 'z', 7099950, '0', '2021-09-07', 'int'),
('2122', 'int', 1, 2, 7099950, 'i', 'w', 6572511, '1', '2021-09-07', 'int'),
('2122', 'int', 1, 3, 8112654, 'i', 'w', 7129991, '½', '2021-09-07', 'int'),
('2122', 'int', 1, 3, 7129991, 'i', 'z', 8112654, '½', '2021-09-07', 'int'),
('2122', 'int', 1, 4, 7099620, 'i', 'w', 7529522, '0', '2021-09-07', 'int'),
('2122', 'int', 1, 4, 7529522, 'i', 'z', 7099620, '1', '2021-09-07', 'int'),
('2122', 'int', 1, 5, 7535396, 'i', 'w', 7707832, '½', '2021-09-07', 'int'),
('2122', 'int', 1, 5, 7707832, 'i', 'z', 7535396, '½', '2021-09-07', 'int'),
('2122', 'int', 1, 6, 7535385, 'i', 'z', 6225934, '½', '2021-09-07', 'int'),
('2122', 'int', 1, 6, 6225934, 'i', 'w', 7535385, '½', '2021-09-07', 'int'),
('2122', 'int', 1, 7, 7292043, 'i', 'z', 7210137, '1', '2021-09-07', 'int'),
('2122', 'int', 1, 7, 7210137, 'i', 'w', 7292043, '0', '2021-09-07', 'int'),
('2122', 'int', 1, 8, 7731812, 'i', 'z', 7809285, '½', '2021-09-07', 'int'),
('2122', 'int', 1, 8, 7809285, 'i', 'w', 7731812, '½', '2021-09-07', 'int'),
('2122', 'int', 1, 9, 8611922, 'i', 'z', 8276752, '½', '2021-09-07', 'int'),
('2122', 'int', 1, 9, 8276752, 'i', 'w', 8611922, '½', '2021-09-07', 'int'),
('2122', 'int', 1, 10, 8587337, 'i', 'z', 8372881, '1', '2021-09-07', 'int'),
('2122', 'int', 1, 10, 8372881, 'i', 'w', 8587337, '0', '2021-09-07', 'int'),
('2122', 'int', 1, 11, 7419621, 'i', 'w', 6214153, '½', '2021-09-07', 'int'),
('2122', 'int', 1, 11, 6214153, 'i', 'z', 7419621, '½', '2021-09-07', 'int'),
('2122', 'int', 1, 12, 8400183, 'i', 'z', 7282033, '0', '2021-09-07', 'int'),
('2122', 'int', 1, 12, 7282033, 'i', 'w', 8400183, '1', '2021-09-07', 'int'),
('2122', 'int', 1, 13, 7518203, 'i', 'z', 8472530, '½', '2021-09-07', 'int'),
('2122', 'int', 1, 13, 8472530, 'i', 'w', 7518203, '½', '2021-09-07', 'int'),
('2122', 'int', 1, 14, 6187885, 'i', 'z', 7321534, '1', '2021-09-07', 'int'),
('2122', 'int', 1, 14, 7321534, 'i', 'w', 6187885, '0', '2021-09-07', 'int'),
('2122', 'int', 1, 15, 8617367, 'i', 'z', 113, '1', '2021-09-07', 'int'),
('2122', 'int', 1, 15, 113, 'i', 'w', 8617367, '0', '2021-09-07', 'int'),
('2122', 'int', 1, 16, 6192098, 'i', 'w', 8931098, '1', '2021-09-07', 'int'),
('2122', 'int', 1, 16, 8931098, 'i', 'z', 6192098, '0', '2021-09-07', 'int'),
('2122', 'int', 1, 17, 8193548, 'i', 'z', 103, '1', '2021-09-07', 'int'),
('2122', 'int', 1, 17, 103, 'i', 'w', 8193548, '0', '2021-09-07', 'int'),
('2122', 'int', 1, 18, 7691728, 'i', 'w', 101, '1', '2021-09-07', 'int'),
('2122', 'int', 1, 18, 101, 'i', 'z', 7691728, '0', '2021-09-07', 'int'),
('2122', 'int', 1, 19, 8485059, 'i', 'z', 111, '1', '2021-09-07', 'int'),
('2122', 'int', 1, 19, 111, 'i', 'w', 8485059, '0', '2021-09-07', 'int'),
('2122', 'int', 1, 20, 7824674, 'i', 'z', 6212404, '1', '2021-09-07', 'int'),
('2122', 'int', 1, 20, 6212404, 'i', 'w', 7824674, '0', '2021-09-07', 'int');

-- ronde 2
insert into uitslag (seizoen, teamCode, rondeNummer, bordNummer, knsbNummer, partij, witZwart, tegenstanderNummer, resultaat, datum, anderTeam) values
('2122', 'int', 2, 0, 7544438, 'a', '', 0, '', '2021-09-14', 'int'),
('2122', 'int', 2, 0, 7707084, 'a', '', 0, '', '2021-09-14', 'int'),
('2122', 'int', 2, 0, 6930957, 'a', '', 0, '', '2021-09-14', 'int'),
('2122', 'int', 2, 0, 7691728, 'a', '', 0, '', '2021-09-14', 'int'),
('2122', 'int', 2, 0, 7099950, 'e', '', 0, '', '2021-09-14', 'int'),
('2122', 'int', 2, 0, 8552038, 'a', '', 0, '', '2021-09-14', 'int'),
('2122', 'int', 2, 0, 8335415, 'a', '', 0, '', '2021-09-14', 'int'),
('2122', 'int', 2, 0, 7649213, 'a', '', 0, '', '2021-09-14', 'int'),
('2122', 'int', 2, 0, 7582102, 'a', '', 0, '', '2021-09-14', 'int'),
('2122', 'int', 2, 0, 7509920, 'a', '', 0, '', '2021-09-14', 'int'),
('2122', 'int', 2, 0, 7879520, 'a', '', 0, '', '2021-09-14', 'int'),
('2122', 'int', 2, 0, 114, 'a', '', 0, '', '2021-09-14', 'int'),
('2122', 'int', 2, 0, 8931098, 'a', '', 0, '', '2021-09-14', 'int'),
('2122', 'int', 2, 0, 105, 'a', '', 0, '', '2021-09-14', 'int'),
('2122', 'int', 2, 0, 8865549, 'a', '', 0, '', '2021-09-14', 'int'),
('2122', 'int', 2, 0, 113, 'a', '', 0, '', '2021-09-14', 'int'),
('2122', 'int', 2, 0, 115, 'a', '', 0, '', '2021-09-14', 'int'),
('2122', 'int', 2, 1, 7529522, 'i', 'z', 8096242, '0', '2021-09-14', 'int'),
('2122', 'int', 2, 1, 8096242, 'i', 'w', 7529522, '1', '2021-09-14', 'int'),
('2122', 'int', 2, 2, 8587337, 'i', 'z', 7292043, '0', '2021-09-14', 'int'),
('2122', 'int', 2, 2, 7292043, 'i', 'w', 8587337, '1', '2021-09-14', 'int'),
('2122', 'int', 2, 3, 7824674, 'i', 'w', 7282033, '1', '2021-09-14', 'int'),
('2122', 'int', 2, 3, 7282033, 'i', 'z', 7824674, '0', '2021-09-14', 'int'),
('2122', 'int', 2, 4, 8485059, 'i', 'w', 6187885, '1', '2021-09-14', 'int'),
('2122', 'int', 2, 4, 6187885, 'i', 'z', 8485059, '0', '2021-09-14', 'int'),
('2122', 'int', 2, 5, 6192098, 'i', 'z', 8617367, '1', '2021-09-14', 'int'),
('2122', 'int', 2, 5, 8617367, 'i', 'w', 6192098, '0', '2021-09-14', 'int'),
('2122', 'int', 2, 6, 8193548, 'i', 'w', 8112654, '0', '2021-09-14', 'int'),
('2122', 'int', 2, 6, 8112654, 'i', 'z', 8193548, '1', '2021-09-14', 'int'),
('2122', 'int', 2, 7, 7535385, 'i', 'w', 7535396, '0', '2021-09-14', 'int'),
('2122', 'int', 2, 7, 7535396, 'i', 'z', 7535385, '1', '2021-09-14', 'int'),
('2122', 'int', 2, 8, 7129991, 'i', 'w', 7707832, '0', '2021-09-14', 'int'),
('2122', 'int', 2, 8, 7707832, 'i', 'z', 7129991, '1', '2021-09-14', 'int'),
('2122', 'int', 2, 9, 7809285, 'i', 'w', 6225934, '0', '2021-09-14', 'int'),
('2122', 'int', 2, 9, 6225934, 'i', 'z', 7809285, '1', '2021-09-14', 'int'),
('2122', 'int', 2, 10, 8276752, 'i', 'z', 7731812, '0', '2021-09-14', 'int'),
('2122', 'int', 2, 10, 7731812, 'i', 'w', 8276752, '1', '2021-09-14', 'int'),
('2122', 'int', 2, 11, 7428960, 'i', 'w', 7419621, '½', '2021-09-14', 'int'),
('2122', 'int', 2, 11, 7419621, 'i', 'z', 7428960, '½', '2021-09-14', 'int'),
('2122', 'int', 2, 12, 8611922, 'i', 'w', 6214153, '½', '2021-09-14', 'int'),
('2122', 'int', 2, 12, 6214153, 'i', 'z', 8611922, '½', '2021-09-14', 'int'),
('2122', 'int', 2, 13, 8472530, 'i', 'z', 7063881, '0', '2021-09-14', 'int'),
('2122', 'int', 2, 13, 7063881, 'i', 'w', 8472530, '1', '2021-09-14', 'int'),
('2122', 'int', 2, 14, 7640798, 'i', 'w', 7758014, '½', '2021-09-14', 'int'),
('2122', 'int', 2, 14, 7758014, 'i', 'z', 7640798, '½', '2021-09-14', 'int'),
('2122', 'int', 2, 15, 6951362, 'i', 'w', 7699010, '½', '2021-09-14', 'int'),
('2122', 'int', 2, 15, 7699010, 'i', 'z', 6951362, '½', '2021-09-14', 'int'),
('2122', 'int', 2, 16, 7904589, 'i', 'w', 7502143, '½', '2021-09-14', 'int'),
('2122', 'int', 2, 16, 7502143, 'i', 'z', 7904589, '½', '2021-09-14', 'int'),
('2122', 'int', 2, 17, 7518203, 'i', 'w', 7399469, '½', '2021-09-14', 'int'),
('2122', 'int', 2, 17, 7399469, 'i', 'z', 7518203, '½', '2021-09-14', 'int'),
('2122', 'int', 2, 18, 8750093, 'i', 'w', 8224502, '1', '2021-09-14', 'int'),
('2122', 'int', 2, 18, 8224502, 'i', 'z', 8750093, '0', '2021-09-14', 'int'),
('2122', 'int', 2, 19, 7665834, 'i', 'z', 8073978, '1', '2021-09-14', 'int'),
('2122', 'int', 2, 19, 8073978, 'i', 'w', 7665834, '0', '2021-09-14', 'int'),
('2122', 'int', 2, 20, 7099620, 'i', 'z', 6572511, '1', '2021-09-14', 'int'),
('2122', 'int', 2, 20, 6572511, 'i', 'w', 7099620, '0', '2021-09-14', 'int'),
('2122', 'int', 2, 21, 7210137, 'i', 'w', 6212404, '1', '2021-09-14', 'int'),
('2122', 'int', 2, 21, 6212404, 'i', 'z', 7210137, '0', '2021-09-14', 'int'),
('2122', 'int', 2, 22, 8372881, 'i', 'z', 8400183, '0', '2021-09-14', 'int'),
('2122', 'int', 2, 22, 8400183, 'i', 'w', 8372881, '1', '2021-09-14', 'int'),
('2122', 'int', 2, 23, 111, 'i', 'z', 103, '1', '2021-09-14', 'int'),
('2122', 'int', 2, 23, 103, 'i', 'w', 111, '0', '2021-09-14', 'int'),
('2122', 'int', 2, 24, 7321534, 'i', 'z', 101, '½', '2021-09-14', 'int'),
('2122', 'int', 2, 24, 101, 'i', 'w', 7321534, '½', '2021-09-14', 'int'),
('2122', 'int', 2, 25, 7269834, 'i', 'z', 116, '0', '2021-09-14', 'int'),
('2122', 'int', 2, 25, 116, 'i', 'w', 7269834, '1', '2021-09-14', 'int');

-- alle seizoenen
insert into persoon (knsbNummer, naam) values
('101', 'Ramon Witte'),
('102', 'Ellen van der Hoeven'),
('103', 'Charles Stoorvogel'),
('104', 'Sietske de Greeuw'),
('105', 'Richard Meijer'),
('106', 'Abdul Rashid Ayobi'),
('107', 'Joris Beerda'),
('108', 'Aad Schuit'),
('109', 'Ron van den Bogert'),
('110', 'Tansu Madencioglu'),
('111', 'Jorn Visser'),
('112', 'Thea Veldhuis'),
('113', 'Michiel Doodeman'),
('114', 'Bram Vink'),
('115', 'Harm Grouwstra'),
('116', 'Ruard Born'),
('6187885', 'Bob de Mon'),
('6192098', 'Nico Brugman'),
('6212404', 'Peter van Diepen'),
('6214153', 'Jan Poland'),
('6225934', 'Ruud Adema'),
('6335670', 'Hebert Perez Garcia'),
('6483455', 'Jeroen Smorenberg'),
('6572511', 'Bert Buitink'),
('6661721', 'Herman Nijhuis'),
('6930957', 'Leo van Steenoven'),
('6951362', 'Johan Plooijer'),
('7063881', 'Wim van Dijk'),
('7079743', 'Juan de Roda Husman'),
('7099620', 'Peter Hoekstra'),
('7099950', 'Jos Vlaming'),
('7129991', 'Gerard de Geus'),
('7210137', 'Arjen Dibbets'),
('7227264', 'Kiek Schouten'),
('7269834', 'Arie Boots'),
('7269900', 'Jan Ens'),
('7282033', 'Gerrit Lemmen'),
('7292043', 'Rob Freer'),
('7321534', 'Ronald Kamps'),
('7399469', 'Nico Mak'),
('7419621', 'Frits Leenart'),
('7428960', 'Frank Agter'),
('7468362', 'Paul Toepoel'),
('7468417', 'Daan Geerke'),
('7502143', 'Rob Heijink'),
('7504310', 'Leonard Haakman'),
('7509920', 'Dirk van der Meiden'),
('7518203', 'Theo de Bruijn'),
('7529522', 'Willem Meyles'),
('7535385', 'Marten Coerts'),
('7535396', 'John Leek'),
('7544438', 'Fred Driesse'),
('7546242', 'Ronald Brink'),
('7561653', 'Mariska de Mie'),
('7566031', 'Corné van der Horst'),
('7579154', 'Robbert Waas'),
('7582102', 'Onno Vellinga'),
('7584566', 'Yong Hoon de Rover'),
('7640798', 'Johan Wester'),
('7649213', 'Dick Bouma'),
('7657342', 'Frank van Tellingen'),
('7665834', 'David Baanstra'),
('7691728', 'Karel Beentjes'),
('7699010', 'Ruud Niewenhuis'),
('7701122', 'Jan Drewes'),
('7707084', 'Ralph Versluis'),
('7707832', 'Ronald Groot'),
('7731812', 'Alexander Versluis'),
('7739314', 'Piet Pover'),
('7758014', 'Alex Albrecht'),
('7809285', 'Albert van der Meiden'),
('7824674', 'Guido Florijn'),
('7828183', 'Rob Konijn'),
('7879520', 'Vincent Pandelaar'),
('7904589', 'Wim Nieland'),
('7970094', 'Danny de Ruiter'),
('8073978', 'Gerrit Peereboom'),
('8096242', 'Michael van Liempt'),
('8112654', 'Ton Fasel'),
('8144191', 'Gerard Brouwers'),
('8180810', 'Midas Ratsma'),
('8182416', 'Andre Bremmers'),
('8193548', 'Daan de Vries'),
('8224502', 'Jan van Gijsen'),
('8243312', 'Harry Sluiter'),
('8271560', 'Bernard Mohl'),
('8276752', 'Theo Bakker'),
('8285574', 'Maaike Keetman'),
('8291877', 'Jawdat Adib'),
('8305473', 'Klaas Silver'),
('8314834', 'Henk Kleijn'),
('8323029', 'Runa de Vries'),
('8335415', 'Koos de Graaf'),
('8363982', 'Afshin Mehnavian'),
('8372881', 'Egbert van Oene'),
('8400183', 'Daan de Vetten'),
('8461354', 'Luuk van Steenoven'),
('8472409', 'Klaas Jan Koedijk'),
('8472530', 'Rosa Leek'),
('8484443', 'Chaim Bookelman'),
('8485059', 'Peter Duijs'),
('8505585', 'Max Bookelman'),
('8521480', 'Julian de Boer'),
('8536319', 'Jonathan Venema'),
('8544646', 'José van der Donk'),
('8547110', 'Milan de Boer'),
('8547946', 'Sander Meijer'),
('8552038', 'Kevin Brands'),
('8571453', 'Marit de Boer'),
('8580374', 'Jos Bakker'),
('8580385', 'Han Rauws'),
('8587337', 'Max Hooijmans'),
('8587348', 'Merijn Hooijmans'),
('8611922', 'Tycho Bakker'),
('8617367', 'Arend Noordam'),
('8716972', 'Gijs Schaveling'),
('8750093', 'Martin Rep'),
('8773633', 'Gerard Kortooms'),
('8827588', 'Roel Boesenkool'),
('8865549', 'Erno Brouwer'),
('8931098', 'Sander Jagersma');