use waagtoren;

-- 0 deelnemers in seizoen 2122
insert into persoon (knsbNummer, naam, dummy);

insert into speler (seizoen, nhsbTeam, knsbTeam, knsbNummer, knsbRating, datumRating) values
('2122', '', '', 101, 1000, '2021-08-06'),
('2122', '', '', 102, 1000, '2021-08-06'),
('2122', '', '', 103, 1000, '2021-08-06'),
('2122', '', '', 105, 1000, '2021-08-06'),
('2122', '', '', 106, 1000, '2021-08-06'),
('2122', '', '', 107, 1000, '2021-08-06'),
('2122', '', '', 109, 1000, '2021-08-06'),
('2122', '', '', 110, 1000, '2021-08-06'),
('2122', '', '', 111, 1000, '2021-08-19'),
('2122', '', '', 112, 1000, '2021-08-19'),
('2122', '', '', 113, 1250, '2021-09-04'),
('2122', '', '', 114, 1550, '2021-09-13'),
('2122', '', '', 115, 1000, '2021-09-14'),
('2122', '', '', 116, 1000, '2021-09-14'),
('2122', '', '', '7584566', '2333', '2021-08-01'),
('2122', '', '', '7657342', '2299', '2021-08-01'),
('2122', '', '', '7970094', '2271', '2021-08-01'),
('2122', '', '', '8180810', '2243', '2021-08-01'),
('2122', '', '', '7079743', '2240', '2021-08-01'),
('2122', '', '', '7428960', '2211', '2021-08-01'),
('2122', '', '', '8285574', '2171', '2021-08-01'),
('2122', '', '', '7561653', '2136', '2021-08-01'),
('2122', '', '', '6335670', '2130', '2021-08-01'),
('2122', '', '', '8096242', '2126', '2021-08-01'),
('2122', '', '', '7828183', '2107', '2021-08-01'),
('2122', '', '', '6483455', '2103', '2021-08-01'),
('2122', '', '', '7099950', '2079', '2021-08-01'),
('2122', '', '', '7468417', '2021', '2021-08-01'),
('2122', '', '', '7129991', '2020', '2021-08-01'),
('2122', '', '', '7099620', '1996', '2021-08-01'),
('2122', '', '', '7879520', '1985', '2021-08-01'),
('2122', '', '', '7509920', '1960', '2021-08-01'),
('2122', '', '', '7707832', '1950', '2021-08-01'),
('2122', '', '', '6225934', '1943', '2021-08-01'),
('2122', '', '', '7665834', '1939', '2021-08-01'),
('2122', '', '', '6572511', '1907', '2021-08-01'),
('2122', '', '', '7063881', '1903', '2021-08-01'),
('2122', '', '', '7739314', '1902', '2021-08-01'),
('2122', '', '', '8112654', '1890', '2021-08-01'),
('2122', '', '', '7529522', '1889', '2021-08-01'),
('2122', '', '', '6930957', '1883', '2021-08-01'),
('2122', '', '', '7535396', '1882', '2021-08-01'),
('2122', '', '', '7535385', '1877', '2021-08-01'),
('2122', '', '', '8552038', '1872', '2021-08-01'),
('2122', '', '', '7544438', '1871', '2021-08-01'),
('2122', '', '', '7292043', '1860', '2021-08-01'),
('2122', '', '', '7640798', '1860', '2021-08-01'),
('2122', '', '', '7824674', '1845', '2021-08-01'),
('2122', '', '', '7758014', '1829', '2021-08-01'),
('2122', '', '', '7468362', '1819', '2021-08-01'),
('2122', '', '', '6951362', '1815', '2021-08-01'),
('2122', '', '', '7699010', '1807', '2021-08-01'),
('2122', '', '', '7504310', '1806', '2021-08-01'),
('2122', '', '', '7809285', '1794', '2021-08-01'),
('2122', '', '', '7904589', '1792', '2021-08-01'),
('2122', '', '', '8611922', '1790', '2021-08-01'),
('2122', '', '', '8372881', '1768', '2021-08-01'),
('2122', '', '', '6214153', '1754', '2021-08-01'),
('2122', '', '', '8484443', '1754', '2021-08-01'),
('2122', '', '', '7282033', '1736', '2021-08-01'),
('2122', '', '', '7707084', '1721', '2021-08-01'),
('2122', '', '', '7502143', '1719', '2021-08-01'),
('2122', '', '', '8291877', '1708', '2021-08-01'),
('2122', '', '', '7210137', '1701', '2021-08-01'),
('2122', '', '', '7731812', '1700', '2021-08-01'),
('2122', '', '', '8276752', '1697', '2021-08-01'),
('2122', '', '', '7649213', '1691', '2021-08-01'),
('2122', '', '', '8587337', '1688', '2021-08-01'),
('2122', '', '', '7399469', '1671', '2021-08-01'),
('2122', '', '', '7419621', '1670', '2021-08-01'),
('2122', '', '', '8750093', '1664', '2021-08-01'),
('2122', '', '', '8571453', '1656', '2021-08-01'),
('2122', '', '', '6212404', '1652', '2021-08-01'),
('2122', '', '', '8485059', '1611', '2021-08-01'),
('2122', '', '', '8400183', '1597', '2021-08-01'),
('2122', '', '', '8224502', '1579', '2021-08-01'),
('2122', '', '', '7269834', '1573', '2021-08-01'),
('2122', '', '', '8182416', '1560', '2021-08-01'),
('2122', '', '', '7518203', '1551', '2021-08-01'),
('2122', '', '', '8305473', '1542', '2021-08-01'),
('2122', '', '', '7321534', '1540', '2021-08-01'),
('2122', '', '', '8314834', '1516', '2021-08-01'),
('2122', '', '', '8073978', '1509', '2021-08-01'),
('2122', '', '', '7227264', '1499', '2021-08-01'),
('2122', '', '', '8617367', '1487', '2021-08-01'),
('2122', '', '', '6192098', '1481', '2021-08-01'),
('2122', '', '', '8193548', '1460', '2021-08-01'),
('2122', '', '', '7691728', '1425', '2021-08-01'),
('2122', '', '', '8587348', '1422', '2021-08-01'),
('2122', '', '', '8472530', '1386', '2021-08-01'),
('2122', '', '', '8144191', '1376', '2021-08-01'),
('2122', '', '', '6187885', '1374', '2021-08-01'),
('2122', '', '', '7582102', '1281', '2021-08-01'),
('2122', '', '', '8335415', '1229', '2021-08-01'),
('2122', '', '', '8580374', '1223', '2021-08-01'),
('2122', '', '', '8580385', '1212', '2021-08-01'),
('2122', '', '', '8865549', '1000', '2021-08-01'),
('2122', '', '', '8931098', '1000', '2021-08-01');

insert into team (seizoen, teamCode, bond, poule, omschrijving, borden) values
('2122', '', '', '', 'geen team', '0'),
('2122', 'int', 'i', 'nt', 'interne competitie', '0'),
('2122', '1', 'k', '1a', 'KNSB 1a', '10'),
('2122', '2', 'k', '3d', 'KNSB 3d', '8'),
('2122', '3', 'k', '4e', 'KNSB 4e', '8'),
('2122', '4', 'k', '6c', 'KNSB 6c', '8'),
('2122', 'int', '1', 't', '', 'Alkmaar', '2021-09-07'),
('2122', 'int', '2', 't', '', 'Alkmaar', '2021-09-14'),
('2122', 'int', '3', 't', '', 'Alkmaar', '2021-09-21'),
('2122', 'int', '4', 't', '', 'Alkmaar', '2021-09-28'),
('2122', 'int', '5', 't', '', 'Alkmaar', '2021-10-05'),
('2122', 'int', '6', 't', '', 'Alkmaar', '2021-10-12'),
('2122', 'int', '7', 't', '', 'Alkmaar', '2021-10-26'),
('2122', 'int', '8', 't', '', 'Alkmaar', '2021-11-02'),
('2122', 'int', '9', 't', '', 'Alkmaar', '2021-11-09'),
('2122', 'int', '10', 't', '', 'Alkmaar', '2021-11-16'),
('2122', 'int', '11', 't', '', 'Alkmaar', '2021-11-23'),
('2122', 'int', '12', 't', '', 'Alkmaar', '2021-11-30'),
('2122', 'int', '13', 't', '', 'Alkmaar', '2021-12-07'),
('2122', 'int', '14', 't', '', 'Alkmaar', '2021-12-14'),
('2122', 'int', '15', 't', '', 'Alkmaar', '2022-01-04'),
('2122', 'int', '16', 't', '', 'Alkmaar', '2022-01-11'),
('2122', 'int', '17', 't', '', 'Alkmaar', '2022-01-18'),
('2122', 'int', '18', 't', '', 'Alkmaar', '2022-02-01'),
('2122', 'int', '19', 't', '', 'Alkmaar', '2022-02-08'),
('2122', 'int', '20', 't', '', 'Alkmaar', '2022-02-15'),
('2122', 'int', '21', 't', '', 'Alkmaar', '2022-03-01'),
('2122', 'int', '22', 't', '', 'Alkmaar', '2022-03-08'),
('2122', 'int', '23', 't', '', 'Alkmaar', '2022-03-15'),
('2122', 'int', '24', 't', '', 'Alkmaar', '2022-03-22'),
('2122', 'int', '25', 't', '', 'Alkmaar', '2022-03-29'),
('2122', 'int', '26', 't', '', 'Alkmaar', '2022-04-05'),
('2122', 'int', '27', 't', '', 'Alkmaar', '2022-04-12'),
('2122', 'int', '28', 't', '', 'Alkmaar', '2022-04-19'),
('2122', 'int', '29', 't', '', 'Alkmaar', '2022-04-26'),
('2122', 'int', '30', 't', '', 'Alkmaar', '2022-05-10'),
('2122', 'int', '31', 't', '', 'Alkmaar', '2022-05-17'),
('2122', 'int', '32', 't', '', 'Alkmaar', '2022-05-24'),
('2122', 'int', '33', 't', '', 'Alkmaar', '2022-05-31'),
('2122', '1', '1', 'u', 'Voorschoten 1', 'Voorschoten', '2021-09-18'),
('2122', '1', '2', 't', 'Philidor 1847 1', 'Alkmaar', '2021-10-09'),
('2122', '1', '3', 't', 'HWP Haarlem 1', 'Alkmaar', '2021-11-06'),
('2122', '1', '4', 'u', 'Wageningen 1', 'Wageningen', '2021-11-27'),
('2122', '1', '5', 't', 'Paul Keres 1', 'Alkmaar', '2021-12-18'),
('2122', '1', '6', 'u', 'Caissa-Eenhoorn 1', 'Hoorn', '2022-02-05'),
('2122', '1', '7', 't', 'Groninger Combinatie 2', 'Alkmaar', '2022-03-12'),
('2122', '1', '8', 'u', 'SG Max Euwe 1', 'Enschede', '2022-04-02'),
('2122', '1', '9', 't', 'Zukertort Amstelveen 1', 'Alkmaar', '2022-04-23'),
('2122', '2', '1', 'u', 'ZSC-Saende 1', 'Zaandam', '2021-09-18'),
('2122', '2', '2', 't', 'Laurierboom-Gambiet 1', 'Alkmaar', '2021-10-09'),
('2122', '2', '3', 't', 'HWP Haarlem 2', 'Alkmaar', '2021-11-06'),
('2122', '2', '4', 'u', 'ZSC-Saende 2', 'Zaandam', '2021-11-27'),
('2122', '2', '5', 't', 'De Wijker Toren 2', 'Alkmaar', '2021-12-18'),
('2122', '2', '6', 'u', 'Caissa-Eenhoorn 2', 'Hoorn', '2022-02-05'),
('2122', '2', '7', 't', 'Caissa 3', 'Alkmaar', '2022-03-12'),
('2122', '2', '8', 'u', 'Santpoort 1', 'Velserbroek', '2022-04-02'),
('2122', '2', '9', 't', 'Fischer Z 1', 'Alkmaar', '2022-04-23'),
('2122', '3', '1', 'u', 'Bergen 1', 'Bergen', '2021-09-18'),
('2122', '3', '2', 't', 'De Uil 1', 'Alkmaar', '2021-10-09'),
('2122', '3', '3', 't', 'HWP Haarlem 3', 'Alkmaar', '2021-11-06'),
('2122', '3', '4', 'u', 'Aartswoud 1', 'Hoogwoud', '2021-11-27'),
('2122', '3', '5', 't', 'Volendam 1', 'Alkmaar', '2021-12-18'),
('2122', '3', '6', 'u', 'Caissa-Eenhoorn 3', 'Zwaag', '2022-02-05'),
('2122', '3', '7', 't', 'Kennemer Combinatie 3', 'Alkmaar', '2022-03-12'),
('2122', '3', '8', 'u', 'vrije ronde', '', '2022-04-02'),
('2122', '3', '9', 't', 'Het Spaarne 1', 'Alkmaar', '2022-04-23'),
('2122', '4', '1', 't', 'Leiderdorp 2', 'Alkmaar', '2021-10-09'),
('2122', '4', '2', 'u', 'Woerden 3', 'Woerden', '2021-11-06'),
('2122', '4', '3', 't', 'Zukertort Amstelveen 3', 'Alkmaar', '2021-11-27'),
('2122', '4', '4', 'u', 'VAS 6', 'Amsterdam', '2021-12-18'),
('2122', '4', '5', 't', 'HWP Haarlem 4', 'Alkmaar', '2022-02-05'),
('2122', '4', '6', 'u', 'VAS 5', 'Amsterdam', '2022-03-12'),
('2122', '4', '7', 't', 'Purmerend 3', 'Alkmaar', '2022-04-02');

insert into uitslag (seizoen, teamCode, rondeNummer, bordNummer, knsbNummer, partij, witZwart, tegenstanderNummer, resultaat, datum, anderTeam) values
('2122', '1', 1, 0, 7099950, 'e', 'z', '0', '0', '2021-09-14', 'int'); -- Jos Vlaming speelt vooruit

-- alle seizoenen
insert into persoon (knsbNummer, naam) values
('101', 'Ramon Witte'),
('102', 'Ellen van der Hoeven'),
('103', 'Charles Stoorvogel'),
('104', 'Sietske de Greeuw'),
('105', 'Richard Meijer'),
('106', 'Abdul Rashid Ayobi'),
('107', 'Joris Beerda'),
('108', 'Aad Schuit'),
('109', 'Ron van den Bogert'),
('110', 'Tansu Madencioglu'),
('111', 'Jorn Visser'),
('112', 'Thea Veldhuis'),
('113', 'Michiel Doodeman'),
('114', 'Bram Vink'),
('115', 'Harm Grouwstra'),
('116', 'Ruard Born'),
('6187885', 'Bob de Mon'),
('6192098', 'Nico Brugman'),
('6212404', 'Peter van Diepen'),
('6214153', 'Jan Poland'),
('6225934', 'Ruud Adema'),
('6335670', 'Hebert Perez Garcia'),
('6483455', 'Jeroen Smorenberg'),
('6572511', 'Bert Buitink'),
('6661721', 'Herman Nijhuis'),
('6930957', 'Leo van Steenoven'),
('6951362', 'Johan Plooijer'),
('7063881', 'Wim van Dijk'),
('7079743', 'Juan de Roda Husman'),
('7099620', 'Peter Hoekstra'),
('7099950', 'Jos Vlaming'),
('7129991', 'Gerard de Geus'),
('7210137', 'Arjen Dibbets'),
('7227264', 'Kiek Schouten'),
('7269834', 'Arie Boots'),
('7269900', 'Jan Ens'),
('7282033', 'Gerrit Lemmen'),
('7292043', 'Rob Freer'),
('7321534', 'Ronald Kamps'),
('7399469', 'Nico Mak'),
('7419621', 'Frits Leenart'),
('7428960', 'Frank Agter'),
('7468362', 'Paul Toepoel'),
('7468417', 'Daan Geerke'),
('7502143', 'Rob Heijink'),
('7504310', 'Leonard Haakman'),
('7509920', 'Dirk van der Meiden'),
('7518203', 'Theo de Bruijn'),
('7529522', 'Willem Meyles'),
('7535385', 'Marten Coerts'),
('7535396', 'John Leek'),
('7544438', 'Fred Driesse'),
('7546242', 'Ronald Brink'),
('7561653', 'Mariska de Mie'),
('7566031', 'Corné van der Horst'),
('7579154', 'Robbert Waas'),
('7582102', 'Onno Vellinga'),
('7584566', 'Yong Hoon de Rover'),
('7640798', 'Johan Wester'),
('7649213', 'Dick Bouma'),
('7657342', 'Frank van Tellingen'),
('7665834', 'David Baanstra'),
('7691728', 'Karel Beentjes'),
('7699010', 'Ruud Niewenhuis'),
('7701122', 'Jan Drewes'),
('7707084', 'Ralph Versluis'),
('7707832', 'Ronald Groot'),
('7731812', 'Alexander Versluis'),
('7739314', 'Piet Pover'),
('7758014', 'Alex Albrecht'),
('7809285', 'Albert van der Meiden'),
('7824674', 'Guido Florijn'),
('7828183', 'Rob Konijn'),
('7879520', 'Vincent Pandelaar'),
('7904589', 'Wim Nieland'),
('7970094', 'Danny de Ruiter'),
('8073978', 'Gerrit Peereboom'),
('8096242', 'Michael van Liempt'),
('8112654', 'Ton Fasel'),
('8144191', 'Gerard Brouwers'),
('8180810', 'Midas Ratsma'),
('8182416', 'Andre Bremmers'),
('8193548', 'Daan de Vries'),
('8224502', 'Jan van Gijsen'),
('8243312', 'Harry Sluiter'),
('8271560', 'Bernard Mohl'),
('8276752', 'Theo Bakker'),
('8285574', 'Maaike Keetman'),
('8291877', 'Jawdat Adib'),
('8305473', 'Klaas Silver'),
('8314834', 'Henk Kleijn'),
('8323029', 'Runa de Vries'),
('8335415', 'Koos de Graaf'),
('8363982', 'Afshin Mehnavian'),
('8372881', 'Egbert van Oene'),
('8400183', 'Daan de Vetten'),
('8461354', 'Luuk van Steenoven'),
('8472409', 'Klaas Jan Koedijk'),
('8472530', 'Rosa Leek'),
('8484443', 'Chaim Bookelman'),
('8485059', 'Peter Duijs'),
('8505585', 'Max Bookelman'),
('8521480', 'Julian de Boer'),
('8536319', 'Jonathan Venema'),
('8544646', 'José van der Donk'),
('8547110', 'Milan de Boer'),
('8547946', 'Sander Meijer'),
('8552038', 'Kevin Brands'),
('8571453', 'Marit de Boer'),
('8580374', 'Jos Bakker'),
('8580385', 'Han Rauws'),
('8587337', 'Max Hooijmans'),
('8587348', 'Merijn Hooijmans'),
('8611922', 'Tycho Bakker'),
('8617367', 'Arend Noordam'),
('8716972', 'Gijs Schaveling'),
('8750093', 'Martin Rep'),
('8773633', 'Gerard Kortooms'),
('8827588', 'Roel Boesenkool'),
('8865549', 'Erno Brouwer'),
('8931098', 'Sander Jagersma');