-- Error Code: 1452. Cannot add or update a child row: a foreign key constraint fails --
-- Oplossing: eerst
SET foreign_key_checks = 0;
-- Daarna:
SET foreign_key_checks = 1;

-- 101 deelnemers in seizoen 1920
insert into persoon (knsbNummer, naam) values
('101', 'Ramon Witte'),
('103', 'Charles Stoorvogel'),
('104', 'Sietske de Greeuw'),
('105', 'Richard Meijer'),
('106', 'Abdul Rashid Ayobi'),
('6187885', 'Bob de Mon'),
('6192098', 'Nico Brugman'),
('6212404', 'Peter van Diepen'),
('6214153', 'Jan Poland'),
('6225934', 'Ruud Adema'),
('6335670', 'Hebert Perez Garcia'),
('6483455', 'Jeroen Smorenberg'),
('6572511', 'Bert Buitink'),
('6661721', 'Herman Nijhuis'),
('6930957', 'Leo van Steenoven'),
('6951362', 'Johan Plooijer'),
('7079743', 'Juan de Roda Husman'),
('7099620', 'Peter Hoekstra'),
('7099950', 'Jos Vlaming'),
('7129991', 'Gerard de Geus'),
('7210137', 'Arjen Dibbets'),
('7227264', 'Kiek Schouten'),
('7269834', 'Arie Boots'),
('7269900', 'Jan Ens'),
('7282033', 'Gerrit Lemmen'),
('7292043', 'Rob Freer'),
('7321534', 'Ronald Kamps'),
('7399469', 'Nico Mak'),
('7419621', 'Frits Leenart'),
('7428960', 'Frank Agter'),
('7468362', 'Paul Toepoel'),
('7468417', 'Daan Geerke'),
('7502143', 'Rob Heijink'),
('7504310', 'Leonard Haakman'),
('7509920', 'Dirk van der Meiden'),
('7518203', 'Theo de Bruijn'),
('7529522', 'Willem Meyles'),
('7535385', 'Marten Coerts'),
('7535396', 'John Leek'),
('7544438', 'Fred Driesse'),
('7546242', 'Ronald Brink'),
('7561653', 'Mariska de Mie'),
('7566031', 'Corné van der Horst'),
('7579154', 'Robbert Waas'),
('7582102', 'Onno Vellinga'),
('7584566', 'Yong Hoon de Rover'),
('7640798', 'Johan Wester'),
('7649213', 'Dick Bouma'),
('7657342', 'Frank van Tellingen'),
('7665834', 'David Baanstra'),
('7691728', 'Karel Beentjes'),
('7699010', 'Ruud Niewenhuis'),
('7701122', 'Jan Drewes'),
('7707832', 'Ronald Groot'),
('7731812', 'Alexander Versluis'),
('7758014', 'Alex Albrecht'),
('7809285', 'Albert van der Meiden'),
('7824674', 'Guido Florijn'),
('7828183', 'Rob Konijn'),
('7879520', 'Vincent Pandelaar'),
('7904589', 'Wim Nieland'),
('7970094', 'Danny de Ruiter'),
('8073978', 'Gerrit Peereboom'),
('8096242', 'Michael van Liempt'),
('8112654', 'Ton Fasel'),
('8144191', 'Gerard Brouwers'),
('8182416', 'Andre Bremmers'),
('8193548', 'Daan de Vries'),
('8224502', 'Jan van Gijsen'),
('8243312', 'Harry Sluiter'),
('8271560', 'Bernard Mohl'),
('8276752', 'Theo Bakker'),
('8285574', 'Maaike Keetman'),
('8291877', 'Jawdat Adib'),
('8305473', 'Klaas Silver'),
('8314834', 'Henk Kleijn'),
('8323029', 'Runa de Vries'),
('8335415', 'Koos de Graaf'),
('8363982', 'Afshin Mehnavian'),
('8372881', 'Egbert van Oene'),
('8400183', 'Daan de Vetten'),
('8461354', 'Luuk van Steenoven'),
('8472530', 'Rosa Leek'),
('8484443', 'Chaim Bookelman'),
('8485059', 'Peter Duijs'),
('8505585', 'Max Bookelman'),
('8521480', 'Julian de Boer'),
('8536319', 'Jonathan Venema'),
('8547110', 'Milan de Boer'),
('8547946', 'Sander Meijer'),
('8552038', 'Kevin Brands'),
('8571453', 'Marit de Boer'),
('8580374', 'Jos Bakker'),
('8580385', 'Han Rauws'),
('8587337', 'Max Hooijmans'),
('8587348', 'Merijn Hooijmans'),
('8611922', 'Tycho Bakker'),
('8617367', 'Arend Noordam'),
('8750093', 'Martin Rep'),
('8773633', 'Gerard Kortooms'),
('8865549', 'Erno Brouwer');

insert into speler (seizoen, nhsbTeam, knsbTeam, knsbNummer, knsbRating, datumRating) values
('1920', '', '', '7584566', '2344', '2019-08-01'),
('1920', '', '', '7970094', '2269', '2019-08-01'),
('1920', '', '', '7657342', '2268', '2019-08-01'),
('1920', '', '', '7079743', '2232', '2019-08-01'),
('1920', '', '', '7428960', '2206', '2019-08-01'),
('1920', '', '', '7561653', '2157', '2019-08-01'),
('1920', '', '', '8285574', '2149', '2019-08-01'),
('1920', '', '', '6483455', '2132', '2019-08-01'),
('1920', '', '', '8096242', '2117', '2019-08-01'),
('1920', '', '', '6335670', '2116', '2019-08-01'),
('1920', '', '', '7468417', '2059', '2019-08-01'),
('1920', '', '', '7509920', '2058', '2019-08-01'),
('1920', '', '', '7828183', '2056', '2019-08-01'),
('1920', '', '', '7099950', '2029', '2019-08-01'),
('1920', '', '', '7129991', '2019', '2019-08-01'),
('1920', '', '', '7879520', '1994', '2019-08-01'),
('1920', '', '', '7707832', '1985', '2019-08-01'),
('1920', '', '', '6225934', '1977', '2019-08-01'),
('1920', '', '', '104', '1972', '2019-08-01'),
('1920', '', '', '7099620', '1958', '2019-08-01'),
('1920', '', '', '7665834', '1933', '2019-08-01'),
('1920', '', '', '7640798', '1890', '2019-08-01'),
('1920', '', '', '6930957', '1883', '2019-08-01'),
('1920', '', '', '7535385', '1883', '2019-08-01'),
('1920', '', '', '7758014', '1882', '2019-08-01'),
('1920', '', '', '7535396', '1871', '2019-08-01'),
('1920', '', '', '7544438', '1871', '2019-08-01'),
('1920', '', '', '6572511', '1868', '2019-08-01'),
('1920', '', '', '8112654', '1867', '2019-08-01'),
('1920', '', '', '7292043', '1866', '2019-08-01'),
('1920', '', '', '7529522', '1859', '2019-08-01'),
('1920', '', '', '7904589', '1856', '2019-08-01'),
('1920', '', '', '7824674', '1836', '2019-08-01'),
('1920', '', '', '7468362', '1824', '2019-08-01'),
('1920', '', '', '7809285', '1799', '2019-08-01'),
('1920', '', '', '7504310', '1791', '2019-08-01'),
('1920', '', '', '8372881', '1783', '2019-08-01'),
('1920', '', '', '8552038', '1783', '2019-08-01'),
('1920', '', '', '7699010', '1766', '2019-08-01'),
('1920', '', '', '6214153', '1760', '2019-08-01'),
('1920', '', '', '7731812', '1742', '2019-08-01'),
('1920', '', '', '6951362', '1740', '2019-08-01'),
('1920', '', '', '7282033', '1736', '2019-08-01'),
('1920', '', '', '7269900', '1723', '2019-08-01'),
('1920', '', '', '8484443', '1706', '2019-08-01'),
('1920', '', '', '7210137', '1700', '2019-08-01'),
('1920', '', '', '8291877', '1692', '2019-08-01'),
('1920', '', '', '7399469', '1684', '2019-08-01'),
('1920', '', '', '8276752', '1683', '2019-08-01'),
('1920', '', '', '7502143', '1682', '2019-08-01'),
('1920', '', '', '8485059', '1679', '2019-08-01'),
('1920', '', '', '7419621', '1676', '2019-08-01'),
('1920', '', '', '7649213', '1672', '2019-08-01'),
('1920', '', '', '7701122', '1672', '2019-08-01'),
('1920', '', '', '6212404', '1643', '2019-08-01'),
('1920', '', '', '7227264', '1633', '2019-08-01'),
('1920', '', '', '8750093', '1633', '2019-08-01'),
('1920', '', '', '8571453', '1632', '2019-08-01'),
('1920', '', '', '8505585', '1621', '2019-08-01'),
('1920', '', '', '7269834', '1607', '2019-08-01'),
('1920', '', '', '8461354', '1601', '2019-08-01'),
('1920', '', '', '106', '1600', '2019-08-01'),
('1920', '', '', '8363982', '1594', '2019-08-01'),
('1920', '', '', '8224502', '1579', '2019-08-01'),
('1920', '', '', '8587337', '1559', '2019-08-01'),
('1920', '', '', '6661721', '1553', '2019-08-01'),
('1920', '', '', '8182416', '1551', '2019-08-01'),
('1920', '', '', '7518203', '1546', '2019-08-01'),
('1920', '', '', '7321534', '1534', '2019-08-01'),
('1920', '', '', '8400183', '1533', '2019-08-01'),
('1920', '', '', '8611922', '1528', '2019-08-01'),
('1920', '', '', '8547110', '1522', '2019-08-01'),
('1920', '', '', '8305473', '1519', '2019-08-01'),
('1920', '', '', '8314834', '1516', '2019-08-01'),
('1920', '', '', '7691728', '1496', '2019-08-01'),
('1920', '', '', '6192098', '1481', '2019-08-01'),
('1920', '', '', '8193548', '1460', '2019-08-01'),
('1920', '', '', '8521480', '1433', '2019-08-01'),
('1920', '', '', '8547946', '1428', '2019-08-01'),
('1920', '', '', '8617367', '1409', '2019-08-01'),
('1920', '', '', '8073978', '1400', '2019-08-01'),
('1920', '', '', '8144191', '1398', '2019-08-01'),
('1920', '', '', '101', '1394', '2019-08-01'),
('1920', '', '', '8243312', '1381', '2019-08-01'),
('1920', '', '', '6187885', '1374', '2019-08-01'),
('1920', '', '', '7579154', '1353', '2019-08-01'),
('1920', '', '', '7546242', '1350', '2019-08-01'),
('1920', '', '', '8472530', '1319', '2019-08-01'),
('1920', '', '', '103', '1300', '2019-08-01'),
('1920', '', '', '105', '1300', '2019-08-01'),
('1920', '', '', '7582102', '1281', '2019-08-01'),
('1920', '', '', '8587348', '1267', '2019-08-01'),
('1920', '', '', '7566031', '1245', '2019-08-01'),
('1920', '', '', '8335415', '1222', '2019-08-01'),
('1920', '', '', '8580374', '1218', '2019-08-01'),
('1920', '', '', '8580385', '1203', '2019-08-01'),
('1920', '', '', '8271560', '1200', '2019-08-01'),
('1920', '', '', '8323029', '678', '2019-08-01'),
('1920', '', '', '8536319', '500', '2019-08-01'),
('1920', '', '', '8773633', '500', '2019-08-01'),
('1920', '', '', '8865549', '500', '2019-08-01');

insert into team (seizoen, teamCode, bond, poule, omschrijving, borden) values
('1920', '', '', '', 'geen team', '0'),
('1920', '1', 'k', '2b', 'KNSB 2b', '8'),
('1920', '2', 'k', '3d', 'KNSB 3d', '8'),
('1920', '3', 'k', '4e', 'KNSB 4e', '8'),
('1920', '4', 'k', '6c', 'KNSB 6c', '8'),
('1920', 'int', 'i', 'nt', 'interne competitie', '0'),
('1920', 'kbe', 'k', 'be', 'KNSB beker', '4'),
('1920', 'n1', 'n', 't', 'NHSB t', '8'),
('1920', 'n2', 'n', '2b', 'NHSB 2b', '8'),
('1920', 'n3', 'n', '2c', 'NHSB 2c', '8'),
('1920', 'n4j', 'n', '2c', 'NHSB 2c', '8'),
('1920', 'n5', 'n', '3b', 'NHSB 3b', '6'),
('1920', 'n6j', 'n', '3c', 'NHSB 3c', '6'),
('1920', 'nbe', 'n', 'be', 'NHSB beker', '4'),
('1920', 'nv1', 'n', 'vc', 'NHSB vc', '4');

insert into ronde (seizoen, teamCode, rondeNummer, uithuis, tegenstander, plaats, datum) values
('1920', '1', '1', 't', 'DSG Pallas 1', 'Alkmaar', '2019-09-28'),
('1920', '1', '2', 'u', 'Caissa 2', 'Amsterdam', '2019-11-02'),
('1920', '1', '3', 'u', 'Oegstgeest ''80 1', 'Oegstgeest', '2019-11-23'),
('1920', '1', '4', 't', 'Amersfoort 1', 'Alkmaar', '2019-12-14'),
('1920', '1', '5', 'u', 'Santpoort 1', 'Velserbroek', '2020-02-01'),
('1920', '1', '6', 't', 'VAS 2', 'Alkmaar', '2020-03-07'),
('1920', '1', '7', 'u', 'JuRo Unirek / De Wijker Toren 1', 'Beverwijk', '2020-03-28'),
('1920', '1', '8', 't', 'Purmerend 1', 'Alkmaar', '2020-04-18'),
('1920', '1', '9', 'u', 'Paul Keres 2', 'Utrecht', '2020-05-16'),
('1920', '2', '1', 't', 'ASC 1', 'Alkmaar', '2019-09-28'),
('1920', '2', '2', 'u', 'Caissa 3', 'Amsterdam', '2019-11-02'),
('1920', '2', '3', 'u', 'ZSC-Saende 2', 'Zaandam', '2019-11-23'),
('1920', '2', '4', 't', 'HWP Haarlem 2', 'Alkmaar', '2019-12-14'),
('1920', '2', '5', 'u', 'Caissa-Eenhoorn 2', 'Hoorn', '2020-02-01'),
('1920', '2', '6', 't', 'Laurierboom-Gambiet 1', 'Alkmaar', '2020-03-07'),
('1920', '2', '7', 'u', 'Autovakmeester Schaap Mach 1', 'Schagen', '2020-03-28'),
('1920', '2', '8', 't', 'Leiderdorp 1', 'Alkmaar', '2020-04-18'),
('1920', '2', '9', 'u', 'Fischer Z 1', 'Amsterdam', '2020-05-16'),
('1920', '3', '1', 't', 'Shah Mata 1', 'Alkmaar', '2019-09-28'),
('1920', '3', '2', 'u', 'Caissa 4', 'Amsterdam', '2019-11-02'),
('1920', '3', '3', 'u', 'De Uil 1', 'Hillegom', '2019-11-23'),
('1920', '3', '4', 't', 'Aartswoud 1', 'Alkmaar', '2019-12-14'),
('1920', '3', '5', 'u', 'Amsterdam West 1', 'Amsterdam', '2020-02-01'),
('1920', '3', '6', 't', 'VAS 3', 'Alkmaar', '2020-03-07'),
('1920', '3', '7', 'u', 'JuRo Unirek / De Wijker Toren 2', 'Beverwijk', '2020-03-28'),
('1920', '3', '8', 't', 'Purmerend 2', 'Alkmaar', '2020-04-18'),
('1920', '3', '9', 'u', 'Zuid-Oost United 1', 'Amsterdam', '2020-05-16'),
('1920', '4', '1', 'u', 'LSG 7', 'Leiden', '2019-11-02'),
('1920', '4', '2', 'u', 'VAS 4', 'Amsterdam', '2019-11-23'),
('1920', '4', '3', 't', 'HWP Haarlem 4', 'Alkmaar', '2019-12-14'),
('1920', '4', '4', 'u', 'Magnus Anna Paulowna Combinatie 3', 'Schagen', '2020-02-01'),
('1920', '4', '5', 't', 'ZSC-Saende 3', 'Alkmaar', '2020-03-07'),
('1920', '4', '6', 'u', 'Purmerend 3', 'Purmerend', '2020-03-28'),
('1920', '4', '7', 't', 'Leiderdorp 2', 'Alkmaar', '2020-04-18'),
('1920', 'int', '1', 't', '', 'Alkmaar', '2019-09-10'),
('1920', 'int', '2', 't', '', 'Alkmaar', '2019-09-17'),
('1920', 'int', '3', 't', '', 'Alkmaar', '2019-09-24'),
('1920', 'int', '4', 't', '', 'Alkmaar', '2019-10-01'),
('1920', 'int', '5', 't', '', 'Alkmaar', '2019-10-15'),
('1920', 'int', '6', 't', '', 'Alkmaar', '2019-10-29'),
('1920', 'int', '7', 't', '', 'Alkmaar', '2019-11-05'),
('1920', 'int', '8', 't', '', 'Alkmaar', '2019-11-12'),
('1920', 'int', '9', 't', '', 'Alkmaar', '2019-11-19'),
('1920', 'int', '10', 't', '', 'Alkmaar', '2019-11-26'),
('1920', 'int', '11', 't', '', 'Alkmaar', '2019-12-03'),
('1920', 'int', '12', 't', '', 'Alkmaar', '2019-12-10'),
('1920', 'int', '13', 't', '', 'Alkmaar', '2020-01-07'),
('1920', 'int', '14', 't', '', 'Alkmaar', '2020-01-14'),
('1920', 'int', '15', 't', '', 'Alkmaar', '2020-01-28'),
('1920', 'int', '16', 't', '', 'Alkmaar', '2020-02-04'),
('1920', 'int', '17', 't', '', 'Alkmaar', '2020-02-11'),
('1920', 'int', '18', 't', '', 'Alkmaar', '2020-02-25'),
('1920', 'int', '19', 't', '', 'Alkmaar', '2020-03-03'),
('1920', 'int', '20', 't', '', 'Alkmaar', '2020-03-10'),
('1920', 'int', '21', 't', '', 'Alkmaar', '2020-03-17'),
('1920', 'int', '22', 't', '', 'Alkmaar', '2020-03-24'),
('1920', 'int', '23', 't', '', 'Alkmaar', '2020-03-31'),
('1920', 'int', '24', 't', '', 'Alkmaar', '2020-04-07'),
('1920', 'int', '25', 't', '', 'Alkmaar', '2020-04-14'),
('1920', 'int', '26', 't', '', 'Alkmaar', '2020-04-21'),
('1920', 'int', '27', 't', '', 'Alkmaar', '2020-05-12'),
('1920', 'int', '28', 't', '', 'Alkmaar', '2020-05-19'),
('1920', 'int', '29', 't', '', 'Alkmaar', '2020-05-26'),
('1920', 'int', '30', 't', '', 'Alkmaar', '2020-06-02'),
('1920', 'int', '31', 't', '', 'Alkmaar', '2020-06-09'),
('1920', 'int', '32', 't', '', 'Alkmaar', '2020-05-19'),
('1920', 'int', '33', 't', '', 'Alkmaar', '2020-05-26'),
('1920', 'kbe', '1', 'u', 'Bakkum', 'Bakkum', '2019-10-27'),
('1920', 'kbe', '2', 't', 'JuRo Unirek / De Wijker Toren', 'Alkmaar', '2019-12-15'),
('1920', 'kbe', '3', 'u', 'Paul Keres', 'Utrecht', '2020-02-16'),
('1920', 'n1', '1', 'u', 'Chess Soc. Zandvoort N1', 'Zandvoort', '2019-10-04'),
('1920', 'n1', '2', 't', 'HWP Haarlem N2', 'Alkmaar', '2019-11-05'),
('1920', 'n1', '3', 'u', 'Kennemer Combinatie N1', 'Haarlem', '2019-11-29'),
('1920', 'n1', '4', 't', 'Krommenie N1', 'Alkmaar', '2019-12-17'),
('1920', 'n1', '5', 't', 'De Uil N1', 'Alkmaar', '2020-02-11'),
('1920', 'n1', '6', 'u', 'HWP Haarlem N1', 'Leiden', '2020-03-10'),
('1920', 'n1', '7', 't', 'Santpoort N1', 'Alkmaar', '2020-03-31'),
('1920', 'n2', '1', 'u', 'Caïssa-Eenhoorn N2', 'Hoorn', '2019-10-08'),
('1920', 'n2', '2', 't', 'Bakkum N1', 'Alkmaar', '2019-11-12'),
('1920', 'n2', '3', 'u', 'Schaakclub Purmerend N1', 'Purmerend', '2019-11-28'),
('1920', 'n2', '4', 't', 'Aris de Heer N', 'Alkmaar', '2020-01-28'),
('1920', 'n2', '5', 'u', 'Castricum N2', 'Castricum', '2020-03-06'),
('1920', 'n2', '6', 't', 'Vredeburg N2', 'Alkmaar', '2020-03-17'),
('1920', 'n2', '7', 'u', 'Oppositie N1', 'Heiloo', '2020-04-07'),
('1920', 'n3', '1', 'u', 'Z.S.C. Saende N', 'Zaandam', '2019-10-11'),
('1920', 'n3', '2', 't', 'De Waagtoren N4 J', 'Alkmaar', '2019-11-15'),
('1920', 'n3', '3', 't', 'Assendelft N', 'Alkmaar', '2019-12-03'),
('1920', 'n3', '4', 'u', 'Krommenie N2', 'Krommenie', '2020-01-28'),
('1920', 'n3', '5', 't', 'W.S.C. De Pion N', 'Alkmaar', '2020-02-25'),
('1920', 'n3', '6', 'u', 'Het Witte Paard N', 'Zaandam', '2020-03-20'),
('1920', 'n3', '7', 't', 'HWP Haarlem N3', 'Alkmaar', '2020-04-07'),
('1920', 'n4j', '1', 't', 'W.S.C. De Pion N', 'Alkmaar', '2019-11-01'),
('1920', 'n4j', '2', 'u', 'De Waagtoren N3', 'Alkmaar', '2019-11-15'),
('1920', 'n4j', '3', 't', 'Het Witte Paard N', 'Alkmaar', '2019-12-13'),
('1920', 'n4j', '4', 'u', 'Assendelft N', 'Alkmaar', '2020-01-31'),
('1920', 'n4j', '5', 't', 'HWP Haarlem N3', 'Alkmaar', '2020-03-06'),
('1920', 'n4j', '6', 'u', 'Krommenie N2', 'Krommenie', '2020-03-20'),
('1920', 'n4j', '7', 'u', 'Z.S.C. Saende N', 'Zaandam', '2020-04-03'),
('1920', 'n5', '1', 'u', 'Schaakmat N2', 'Zuid-Scharwoude', '2019-10-15'),
('1920', 'n5', '2', 't', 'Schaakgroep Koedijk N2', 'Alkmaar', '2019-11-19'),
('1920', 'n5', '3', 'u', 'Heerhugowaard N3', 'Heerhugowaard', '2019-12-12'),
('1920', 'n5', '4', 't', 'Magnus/Anna Paulowna N3', 'Alkmaar', '2020-02-04'),
('1920', 'n5', '5', 'u', 'Oppositie N2', 'Heiloo', '2020-03-03'),
('1920', 'n5', '6', 't', 'Bergen N2', 'Alkmaar', '2020-03-24'),
('1920', 'n5', '7', 't', 'M.S.C. N', 'Alkmaar', '2020-04-21'),
('1920', 'n6j', '1', 't', 'Schaakclub Purmerend N2', 'Alkmaar', '2019-11-01'),
('1920', 'n6j', '2', 'u', 'K.T.V. N3', 'Enkhuizen', '2019-11-22'),
('1920', 'n6j', '3', 't', 'Heerhugowaard N2', 'Alkmaar', '2019-12-13'),
('1920', 'n6j', '4', 'u', 'Opening ''64 N3', 'Sint Pancras', '2020-02-07'),
('1920', 'n6j', '5', 't', 'Schaakclub Purmerend N5', 'Alkmaar', '2020-03-06'),
('1920', 'n6j', '6', 'u', 'Volendam N2', 'Volendam', '2020-03-27'),
('1920', 'nbe', '1', 't', 'Castricum', 'Alkmaar', '2020-01-28'),
('1920', 'nv1', '1', 'u', 'Schaakclub Purmerend v', '', '2019-11-21'),
('1920', 'nv1', '2', 't', 'Castricum v', 'Alkmaar', '2019-12-10'),
('1920', 'nv1', '3', 'u', 'Volendam v(Jeugd)', '', '2020-02-07'),
('1920', 'nv1', '4', 't', 'Heerhugowaard v', 'Alkmaar', '2020-03-10'),
('1920', 'nv1', '5', 't', 'Vredeburg v1', 'Alkmaar', '2020-03-24');

insert into uitslag (seizoen, teamCode, rondeNummer, bordNummer, knsbNummer, partij, witZwart, tegenstanderNummer, resultaat, datum, anderTeam) values
('1920', '1', '1', '5', '7079743', 'e', 'z', '0', '1', '2019-09-28', 'int'),
('1920', '1', '1', '1', '7428960', 'e', 'z', '0', '1', '2019-09-28', 'int'),
('1920', '1', '1', '6', '7561653', 'e', 'w', '0', '½', '2019-09-28', 'int'),
('1920', '1', '1', '2', '7584566', 'e', 'w', '0', '1', '2019-09-28', 'int'),
('1920', '1', '1', '3', '7657342', 'e', 'z', '0', '1', '2019-09-28', 'int'),
('1920', '1', '1', '8', '7828183', 'e', 'w', '0', '1', '2019-09-28', 'int'),
('1920', '1', '1', '4', '7970094', 'e', 'w', '0', '1', '2019-09-28', 'int'),
('1920', '1', '1', '7', '8285574', 'e', 'z', '0', '½', '2019-09-28', 'int'),
('1920', '1', '2', '4', '7079743', 'e', 'z', '0', '½', '2019-11-02', 'int'),
('1920', '1', '2', '2', '7428960', 'e', 'z', '0', '½', '2019-11-02', 'int'),
('1920', '1', '2', '7', '7468417', 'e', 'w', '0', '0', '2019-11-02', 'int'),
('1920', '1', '2', '5', '7561653', 'e', 'w', '0', '1', '2019-11-02', 'int'),
('1920', '1', '2', '1', '7584566', 'e', 'w', '0', '1', '2019-11-02', 'int'),
('1920', '1', '2', '8', '7828183', 'e', 'z', '0', '1', '2019-11-02', 'int'),
('1920', '1', '2', '3', '7970094', 'e', 'w', '0', '1', '2019-11-02', 'int'),
('1920', '1', '2', '6', '8285574', 'e', 'z', '0', '½', '2019-11-02', 'int'),
('1920', '1', '3', '7', '6483455', 'e', 'w', '0', '1', '2019-11-23', 'int'),
('1920', '1', '3', '3', '7079743', 'e', 'w', '0', '½', '2019-11-23', 'int'),
('1920', '1', '3', '6', '7428960', 'e', 'z', '0', '1', '2019-11-23', 'int'),
('1920', '1', '3', '2', '7584566', 'e', 'z', '0', '½', '2019-11-23', 'int'),
('1920', '1', '3', '1', '7657342', 'e', 'w', '0', '1', '2019-11-23', 'int'),
('1920', '1', '3', '8', '7828183', 'e', 'z', '0', '½', '2019-11-23', 'int'),
('1920', '1', '3', '4', '7970094', 'e', 'z', '0', '0', '2019-11-23', 'int'),
('1920', '1', '3', '5', '8285574', 'e', 'w', '0', '1', '2019-11-23', 'int'),
('1920', '1', '4', '6', '7079743', 'e', 'w', '0', '1', '2019-12-14', 'int'),
('1920', '1', '4', '7', '7099950', 'e', 'z', '0', '1', '2019-12-14', 'int'),
('1920', '1', '4', '4', '7428960', 'e', 'w', '0', '0', '2019-12-14', 'int'),
('1920', '1', '4', '8', '7561653', 'e', 'w', '0', '1', '2019-12-14', 'int'),
('1920', '1', '4', '3', '7584566', 'e', 'z', '0', '1', '2019-12-14', 'int'),
('1920', '1', '4', '5', '7657342', 'e', 'z', '0', '1', '2019-12-14', 'int'),
('1920', '1', '4', '2', '7970094', 'e', 'w', '0', '1', '2019-12-14', 'int'),
('1920', '1', '4', '1', '8285574', 'e', 'z', '0', '0', '2019-12-14', 'int'),
('1920', '1', '5', '4', '7079743', 'e', 'z', '0', '1', '2020-02-01', 'int'),
('1920', '1', '5', '5', '7428960', 'e', 'w', '0', '0', '2020-02-01', 'int'),
('1920', '1', '5', '7', '7468417', 'e', 'w', '0', '½', '2020-02-01', 'int'),
('1920', '1', '5', '6', '7561653', 'e', 'z', '0', '1', '2020-02-01', 'int'),
('1920', '1', '5', '1', '7584566', 'e', 'w', '0', '0', '2020-02-01', 'int'),
('1920', '1', '5', '3', '7657342', 'e', 'w', '0', '½', '2020-02-01', 'int'),
('1920', '1', '5', '2', '7970094', 'e', 'z', '0', '0', '2020-02-01', 'int'),
('1920', '1', '5', '8', '8285574', 'e', 'z', '0', '1', '2020-02-01', 'int'),
('1920', '1', '6', '7', '7099620', 'e', 'z', '0', '0', '2020-03-07', 'int'),
('1920', '1', '6', '5', '7099950', 'e', 'z', '0', '½', '2020-03-07', 'int'),
('1920', '1', '6', '1', '7428960', 'e', 'z', '0', '½', '2020-03-07', 'int'),
('1920', '1', '6', '3', '7584566', 'e', 'z', '0', '1', '2020-03-07', 'int'),
('1920', '1', '6', '2', '7657342', 'e', 'w', '0', '1', '2020-03-07', 'int'),
('1920', '1', '6', '8', '7828183', 'e', 'w', '0', '1', '2020-03-07', 'int'),
('1920', '1', '6', '4', '7970094', 'e', 'w', '0', '½', '2020-03-07', 'int'),
('1920', '1', '6', '6', '8285574', 'e', 'w', '0', '0', '2020-03-07', 'int'),
('1920', '2', '1', '1', '6335670', 'e', 'z', '0', '1', '2019-09-28', 'int'),
('1920', '2', '1', '2', '6483455', 'e', 'w', '0', '½', '2019-09-28', 'int'),
('1920', '2', '1', '3', '7099950', 'e', 'z', '0', '0', '2019-09-28', 'int'),
('1920', '2', '1', '6', '7129991', 'e', 'w', '0', '½', '2019-09-28', 'int'),
('1920', '2', '1', '7', '7292043', 'e', 'z', '0', '½', '2019-09-28', 'int'),
('1920', '2', '1', '4', '7468417', 'e', 'w', '0', '0', '2019-09-28', 'int'),
('1920', '2', '1', '5', '7509920', 'e', 'z', '0', '0', '2019-09-28', 'int'),
('1920', '2', '1', '8', '8112654', 'e', 'w', '0', '0', '2019-09-28', 'int'),
('1920', '2', '2', '1', '6335670', 'e', 'w', '0', '1', '2019-11-02', 'int'),
('1920', '2', '2', '3', '6483455', 'e', 'w', '0', '0', '2019-11-02', 'int'),
('1920', '2', '2', '2', '7099950', 'e', 'z', '0', '0', '2019-11-02', 'int'),
('1920', '2', '2', '4', '7129991', 'e', 'z', '0', '1', '2019-11-02', 'int'),
('1920', '2', '2', '5', '7509920', 'e', 'w', '0', '1', '2019-11-02', 'int'),
('1920', '2', '2', '6', '7707832', 'e', 'z', '0', '1', '2019-11-02', 'int'),
('1920', '2', '2', '7', '7809285', 'e', 'w', '0', '0', '2019-11-02', 'int'),
('1920', '2', '2', '8', '8112654', 'e', 'z', '0', '1', '2019-11-02', 'int'),
('1920', '2', '3', '1', '6335670', 'e', 'w', '0', '½', '2019-11-23', 'int'),
('1920', '2', '3', '2', '7099950', 'e', 'z', '0', '½', '2019-11-23', 'int'),
('1920', '2', '3', '5', '7129991', 'e', 'w', '0', '0', '2019-11-23', 'int'),
('1920', '2', '3', '3', '7468417', 'e', 'w', '0', '½', '2019-11-23', 'int'),
('1920', '2', '3', '6', '7509920', 'e', 'z', '0', '1', '2019-11-23', 'int'),
('1920', '2', '3', '4', '7707832', 'e', 'z', '0', '1', '2019-11-23', 'int'),
('1920', '2', '3', '8', '7879520', 'e', 'z', '0', '0', '2019-11-23', 'int'),
('1920', '2', '3', '7', '8112654', 'e', 'w', '0', '½', '2019-11-23', 'int'),
('1920', '2', '4', '6', '6225934', 'e', 'w', '0', '½', '2019-12-14', 'int'),
('1920', '2', '4', '2', '6335670', 'e', 'w', '0', '½', '2019-12-14', 'int'),
('1920', '2', '4', '1', '6483455', 'e', 'z', '0', '0', '2019-12-14', 'int'),
('1920', '2', '4', '4', '7468417', 'e', 'w', '0', '0', '2019-12-14', 'int'),
('1920', '2', '4', '3', '7509920', 'e', 'z', '0', '1', '2019-12-14', 'int'),
('1920', '2', '4', '5', '7707832', 'e', 'z', '0', '0', '2019-12-14', 'int'),
('1920', '2', '4', '7', '8112654', 'e', 'z', '0', '0', '2019-12-14', 'int'),
('1920', '2', '4', '8', '8552038', 'e', 'w', '0', '½', '2019-12-14', 'int'),
('1920', '2', '5', '2', '6335670', 'e', 'z', '0', '1', '2020-02-01', 'int'),
('1920', '2', '5', '3', '6483455', 'e', 'w', '0', '½', '2020-02-01', 'int'),
('1920', '2', '5', '1', '7099950', 'e', 'w', '0', '0', '2020-02-01', 'int'),
('1920', '2', '5', '5', '7129991', 'e', 'w', '0', '1', '2020-02-01', 'int'),
('1920', '2', '5', '6', '7535385', 'e', 'z', '0', '½', '2020-02-01', 'int'),
('1920', '2', '5', '4', '7707832', 'e', 'z', '0', '½', '2020-02-01', 'int'),
('1920', '2', '5', '7', '8112654', 'e', 'w', '0', '0', '2020-02-01', 'int'),
('1920', '2', '5', '8', '8552038', 'e', 'z', '0', '½', '2020-02-01', 'int'),
('1920', '2', '6', '1', '6335670', 'e', 'z', '0', '½', '2020-03-07', 'int'),
('1920', '2', '6', '2', '7129991', 'e', 'w', '0', '½', '2020-03-07', 'int'),
('1920', '2', '6', '3', '7468417', 'e', 'z', '0', '1', '2020-03-07', 'int'),
('1920', '2', '6', '4', '7509920', 'e', 'w', '0', '½', '2020-03-07', 'int'),
('1920', '2', '6', '8', '7535396', 'e', 'w', '0', '1', '2020-03-07', 'int'),
('1920', '2', '6', '5', '7707832', 'e', 'z', '0', '0', '2020-03-07', 'int'),
('1920', '2', '6', '6', '8112654', 'e', 'w', '0', '½', '2020-03-07', 'int'),
('1920', '2', '6', '7', '8552038', 'e', 'z', '0', '0', '2020-03-07', 'int'),
('1920', '3', '1', '4', '6572511', 'e', 'w', '0', '0', '2019-09-28', 'int'),
('1920', '3', '1', '7', '7504310', 'e', 'z', '0', '½', '2019-09-28', 'int'),
('1920', '3', '1', '3', '7535385', 'e', 'z', '0', '0', '2019-09-28', 'int'),
('1920', '3', '1', '1', '7665834', 'e', 'z', '0', '1', '2019-09-28', 'int'),
('1920', '3', '1', '5', '7699010', 'e', 'z', '0', '1', '2019-09-28', 'int'),
('1920', '3', '1', '2', '7758014', 'e', 'w', '0', '½', '2019-09-28', 'int'),
('1920', '3', '1', '8', '7809285', 'e', 'w', '0', '½', '2019-09-28', 'int'),
('1920', '3', '1', '6', '7904589', 'e', 'w', '0', '½', '2019-09-28', 'int'),
('1920', '3', '2', '5', '6572511', 'e', 'w', '0', '½', '2019-11-02', 'int'),
('1920', '3', '2', '2', '7292043', 'e', 'z', '0', '0', '2019-11-02', 'int'),
('1920', '3', '2', '6', '7504310', 'e', 'z', '0', '0', '2019-11-02', 'int'),
('1920', '3', '2', '1', '7535385', 'e', 'w', '0', '½', '2019-11-02', 'int'),
('1920', '3', '2', '4', '7699010', 'e', 'z', '0', '0', '2019-11-02', 'int'),
('1920', '3', '2', '3', '7758014', 'e', 'w', '0', '0', '2019-11-02', 'int'),
('1920', '3', '2', '7', '7904589', 'e', 'w', '0', '0', '2019-11-02', 'int'),
('1920', '3', '2', '8', '8571453', 'e', 'z', '0', '0', '2019-11-02', 'int'),
('1920', '3', '3', '7', '6572511', 'e', 'w', '0', '½', '2019-11-23', 'int'),
('1920', '3', '3', '2', '7292043', 'e', 'z', '0', '0', '2019-11-23', 'int'),
('1920', '3', '3', '4', '7535385', 'e', 'z', '0', '0', '2019-11-23', 'int'),
('1920', '3', '3', '1', '7665834', 'e', 'w', '0', '1', '2019-11-23', 'int'),
('1920', '3', '3', '6', '7699010', 'e', 'z', '0', '1', '2019-11-23', 'int'),
('1920', '3', '3', '5', '7758014', 'e', 'w', '0', '½', '2019-11-23', 'int'),
('1920', '3', '3', '3', '7904589', 'e', 'w', '0', '½', '2019-11-23', 'int'),
('1920', '3', '3', '8', '8571453', 'e', 'z', '0', '½', '2019-11-23', 'int'),
('1920', '3', '4', '4', '6572511', 'e', 'w', '0', '1', '2019-12-14', 'int'),
('1920', '3', '4', '5', '7292043', 'e', 'z', '0', '0', '2019-12-14', 'int'),
('1920', '3', '4', '6', '7504310', 'e', 'w', '0', '1', '2019-12-14', 'int'),
('1920', '3', '4', '2', '7535385', 'e', 'w', '0', '0', '2019-12-14', 'int'),
('1920', '3', '4', '3', '7699010', 'e', 'z', '0', '0', '2019-12-14', 'int'),
('1920', '3', '4', '1', '7904589', 'e', 'z', '0', '0', '2019-12-14', 'int'),
('1920', '3', '4', '8', '8291877', 'e', 'w', '0', '½', '2019-12-14', 'int'),
('1920', '3', '4', '7', '8571453', 'e', 'z', '0', '½', '2019-12-14', 'int'),
('1920', '3', '5', '2', '7292043', 'e', 'z', '0', '½', '2020-02-01', 'int'),
('1920', '3', '5', '7', '7504310', 'e', 'w', '0', '0', '2020-02-01', 'int'),
('1920', '3', '5', '1', '7665834', 'e', 'w', '0', '0', '2020-02-01', 'int'),
('1920', '3', '5', '4', '7699010', 'e', 'z', '0', '½', '2020-02-01', 'int'),
('1920', '3', '5', '3', '7758014', 'e', 'w', '0', '0', '2020-02-01', 'int'),
('1920', '3', '5', '8', '7809285', 'e', 'z', '0', '0', '2020-02-01', 'int'),
('1920', '3', '5', '5', '7904589', 'e', 'w', '0', '0', '2020-02-01', 'int'),
('1920', '3', '5', '6', '8750093', 'e', 'z', '0', '0', '2020-02-01', 'int'),
('1920', '3', '6', '6', '6572511', 'e', 'w', '0', '½', '2020-03-07', 'int'),
('1920', '3', '6', '3', '7292043', 'e', 'z', '0', '0', '2020-03-07', 'int'),
('1920', '3', '6', '7', '7504310', 'e', 'z', '0', '½', '2020-03-07', 'int'),
('1920', '3', '6', '2', '7535385', 'e', 'w', '0', '½', '2020-03-07', 'int'),
('1920', '3', '6', '1', '7699010', 'e', 'z', '0', '0', '2020-03-07', 'int'),
('1920', '3', '6', '4', '7758014', 'e', 'w', '0', '0', '2020-03-07', 'int'),
('1920', '3', '6', '8', '7809285', 'e', 'w', '0', '1', '2020-03-07', 'int'),
('1920', '3', '6', '5', '7904589', 'e', 'z', '0', '1', '2020-03-07', 'int'),
('1920', '4', '1', '4', '6212404', 'e', 'z', '0', '1', '2019-11-02', 'int'),
('1920', '4', '1', '5', '7227264', 'e', 'w', '0', '0', '2019-11-02', 'int'),
('1920', '4', '1', '2', '7282033', 'e', 'z', '0', '1', '2019-11-02', 'int'),
('1920', '4', '1', '7', '8182416', 'e', 'w', '0', '0', '2019-11-02', 'int'),
('1920', '4', '1', '1', '8372881', 'e', 'w', '0', '1', '2019-11-02', 'int'),
('1920', '4', '1', '3', '8485059', 'e', 'w', '0', '1', '2019-11-02', 'int'),
('1920', '4', '1', '6', '8587337', 'e', 'z', '0', '½', '2019-11-02', 'int'),
('1920', '4', '1', '8', '8611922', 'e', 'z', '0', '1', '2019-11-02', 'int'),
('1920', '4', '2', '3', '6212404', 'e', 'w', '0', '1', '2019-11-23', 'int'),
('1920', '4', '2', '4', '7227264', 'e', 'z', '0', '0', '2019-11-23', 'int'),
('1920', '4', '2', '6', '8182416', 'e', 'z', '0', '1', '2019-11-23', 'int'),
('1920', '4', '2', '1', '8372881', 'e', 'w', '0', '0', '2019-11-23', 'int'),
('1920', '4', '2', '2', '8485059', 'e', 'z', '0', '0', '2019-11-23', 'int'),
('1920', '4', '2', '5', '8587337', 'e', 'w', '0', '½', '2019-11-23', 'int'),
('1920', '4', '2', '8', '8587348', 'e', 'z', '0', '0', '2019-11-23', 'int'),
('1920', '4', '2', '7', '8611922', 'e', 'w', '0', '1', '2019-11-23', 'int'),
('1920', '4', '3', '4', '6212404', 'e', 'w', '0', '1', '2019-12-14', 'int'),
('1920', '4', '3', '5', '7227264', 'e', 'z', '0', '½', '2019-12-14', 'int'),
('1920', '4', '3', '2', '7282033', 'e', 'w', '0', '½', '2019-12-14', 'int'),
('1920', '4', '3', '6', '8182416', 'e', 'w', '0', '1', '2019-12-14', 'int'),
('1920', '4', '3', '1', '8372881', 'e', 'z', '0', '½', '2019-12-14', 'int'),
('1920', '4', '3', '3', '8485059', 'e', 'z', '0', '1', '2019-12-14', 'int'),
('1920', '4', '3', '8', '8587348', 'e', 'w', '0', '½', '2019-12-14', 'int'),
('1920', '4', '3', '7', '8611922', 'e', 'z', '0', '½', '2019-12-14', 'int'),
('1920', '4', '4', '4', '6212404', 'e', 'z', '0', '0', '2020-02-01', 'int'),
('1920', '4', '4', '2', '7282033', 'e', 'z', '0', '1', '2020-02-01', 'int'),
('1920', '4', '4', '6', '8182416', 'e', 'z', '0', '1', '2020-02-01', 'int'),
('1920', '4', '4', '1', '8372881', 'e', 'w', '0', '1', '2020-02-01', 'int'),
('1920', '4', '4', '3', '8485059', 'e', 'w', '0', '1', '2020-02-01', 'int'),
('1920', '4', '4', '5', '8587337', 'e', 'w', '0', '1', '2020-02-01', 'int'),
('1920', '4', '4', '8', '8587348', 'e', 'z', '0', '1', '2020-02-01', 'int'),
('1920', '4', '4', '7', '8611922', 'e', 'w', '0', '1', '2020-02-01', 'int'),
('1920', '4', '5', '3', '7227264', 'e', 'z', '0', '0', '2020-03-07', 'int'),
('1920', '4', '5', '1', '7282033', 'e', 'z', '0', '1', '2020-03-07', 'int'),
('1920', '4', '5', '5', '8182416', 'e', 'z', '0', '1', '2020-03-07', 'int'),
('1920', '4', '5', '4', '8291877', 'e', 'w', '0', '1', '2020-03-07', 'int'),
('1920', '4', '5', '2', '8485059', 'e', 'w', '0', '0', '2020-03-07', 'int'),
('1920', '4', '5', '6', '8587337', 'e', 'w', '0', '1', '2020-03-07', 'int'),
('1920', '4', '5', '8', '8587348', 'e', 'w', '0', '0', '2020-03-07', 'int'),
('1920', '4', '5', '7', '8611922', 'e', 'z', '0', '1', '2020-03-07', 'int'),
('1920', 'int', '1', '18', '101', 'i', 'z', '7321534', '0', '2019-09-10', 'int'),
('1920', 'int', '1', '0', '103', 'a', '', '0', '', '2019-09-10', 'int'),
('1920', 'int', '1', '0', '6187885', 'a', '', '0', '', '2019-09-10', 'int'),
('1920', 'int', '1', '23', '6192098', 'i', 'z', '8865549', '1', '2019-09-10', 'int'),
('1920', 'int', '1', '0', '6212404', 't', '', '0', '', '2019-09-10', 'int'),
('1920', 'int', '1', '0', '6214153', 'a', '', '0', '', '2019-09-10', 'int'),
('1920', 'int', '1', '5', '6225934', 'i', 'z', '7529522', '0', '2019-09-10', 'int'),
('1920', 'int', '1', '2', '6572511', 'i', 'z', '8096242', '0', '2019-09-10', 'int'),
('1920', 'int', '1', '15', '6661721', 'i', 'w', '8485059', '0', '2019-09-10', 'int'),
('1920', 'int', '1', '0', '6930957', 'a', '', '0', '', '2019-09-10', 'int'),
('1920', 'int', '1', '0', '6951362', 'a', '', '0', '', '2019-09-10', 'int'),
('1920', 'int', '1', '3', '7099950', 'i', 'z', '8112654', '1', '2019-09-10', 'int'),
('1920', 'int', '1', '4', '7129991', 'i', 'w', '7292043', '1', '2019-09-10', 'int'),
('1920', 'int', '1', '12', '7210137', 'i', 'w', '7269834', '1', '2019-09-10', 'int'),
('1920', 'int', '1', '11', '7227264', 'i', 'w', '7269900', '½', '2019-09-10', 'int'),
('1920', 'int', '1', '12', '7269834', 'i', 'z', '7210137', '0', '2019-09-10', 'int'),
('1920', 'int', '1', '11', '7269900', 'i', 'z', '7227264', '½', '2019-09-10', 'int'),
('1920', 'int', '1', '10', '7282033', 'i', 'w', '8750093', '1', '2019-09-10', 'int'),
('1920', 'int', '1', '4', '7292043', 'i', 'z', '7129991', '0', '2019-09-10', 'int'),
('1920', 'int', '1', '18', '7321534', 'i', 'w', '101', '1', '2019-09-10', 'int'),
('1920', 'int', '1', '0', '7399469', 'a', '', '0', '', '2019-09-10', 'int'),
('1920', 'int', '1', '16', '7419621', 'i', 'w', '8182416', '0', '2019-09-10', 'int'),
('1920', 'int', '1', '0', '7428960', 'a', '', '0', '', '2019-09-10', 'int'),
('1920', 'int', '1', '14', '7502143', 'i', 'w', '8224502', '1', '2019-09-10', 'int'),
('1920', 'int', '1', '17', '7518203', 'i', 'z', '8073978', '½', '2019-09-10', 'int'),
('1920', 'int', '1', '5', '7529522', 'i', 'w', '6225934', '1', '2019-09-10', 'int'),
('1920', 'int', '1', '7', '7535385', 'i', 'z', '8372881', '1', '2019-09-10', 'int'),
('1920', 'int', '1', '1', '7535396', 'i', 'w', '7970094', '0', '2019-09-10', 'int'),
('1920', 'int', '1', '8', '7544438', 'i', 'w', '7699010', '1', '2019-09-10', 'int'),
('1920', 'int', '1', '20', '7546242', 'i', 'z', '8314834', '1', '2019-09-10', 'int'),
('1920', 'int', '1', '19', '7579154', 'i', 'w', '8305473', '0', '2019-09-10', 'int'),
('1920', 'int', '1', '21', '7582102', 'i', 'w', '7691728', '0', '2019-09-10', 'int'),
('1920', 'int', '1', '6', '7640798', 'i', 'w', '7824674', '1', '2019-09-10', 'int'),
('1920', 'int', '1', '0', '7649213', 'a', '', '0', '', '2019-09-10', 'int'),
('1920', 'int', '1', '0', '7665834', 'a', '', '0', '', '2019-09-10', 'int'),
('1920', 'int', '1', '21', '7691728', 'i', 'z', '7582102', '1', '2019-09-10', 'int'),
('1920', 'int', '1', '8', '7699010', 'i', 'z', '7544438', '0', '2019-09-10', 'int'),
('1920', 'int', '1', '9', '7701122', 'i', 'w', '7731812', '0', '2019-09-10', 'int'),
('1920', 'int', '1', '0', '7707832', 'a', '', '0', '', '2019-09-10', 'int'),
('1920', 'int', '1', '9', '7731812', 'i', 'z', '7701122', '1', '2019-09-10', 'int'),
('1920', 'int', '1', '0', '7758014', 'a', '', '0', '', '2019-09-10', 'int'),
('1920', 'int', '1', '6', '7824674', 'i', 'z', '7640798', '0', '2019-09-10', 'int'),
('1920', 'int', '1', '1', '7970094', 'i', 'z', '7535396', '1', '2019-09-10', 'int'),
('1920', 'int', '1', '17', '8073978', 'i', 'w', '7518203', '½', '2019-09-10', 'int'),
('1920', 'int', '1', '2', '8096242', 'i', 'w', '6572511', '1', '2019-09-10', 'int'),
('1920', 'int', '1', '3', '8112654', 'i', 'w', '7099950', '0', '2019-09-10', 'int'),
('1920', 'int', '1', '16', '8182416', 'i', 'z', '7419621', '1', '2019-09-10', 'int'),
('1920', 'int', '1', '14', '8224502', 'i', 'z', '7502143', '0', '2019-09-10', 'int'),
('1920', 'int', '1', '0', '8243312', 'a', '', '0', '', '2019-09-10', 'int'),
('1920', 'int', '1', '24', '8271560', 'i', 'w', '8580385', '0', '2019-09-10', 'int'),
('1920', 'int', '1', '0', '8276752', 'a', '', '0', '', '2019-09-10', 'int'),
('1920', 'int', '1', '13', '8291877', 'i', 'z', '8363982', '1', '2019-09-10', 'int'),
('1920', 'int', '1', '19', '8305473', 'i', 'z', '7579154', '1', '2019-09-10', 'int'),
('1920', 'int', '1', '20', '8314834', 'i', 'w', '7546242', '0', '2019-09-10', 'int'),
('1920', 'int', '1', '22', '8335415', 'i', 'z', '8773633', '0', '2019-09-10', 'int'),
('1920', 'int', '1', '13', '8363982', 'i', 'w', '8291877', '0', '2019-09-10', 'int'),
('1920', 'int', '1', '7', '8372881', 'i', 'w', '7535385', '0', '2019-09-10', 'int'),
('1920', 'int', '1', '15', '8485059', 'i', 'z', '6661721', '1', '2019-09-10', 'int'),
('1920', 'int', '1', '0', '8580374', 'a', '', '0', '', '2019-09-10', 'int'),
('1920', 'int', '1', '24', '8580385', 'i', 'z', '8271560', '1', '2019-09-10', 'int'),
('1920', 'int', '1', '0', '8617367', 'a', '', '0', '', '2019-09-10', 'int'),
('1920', 'int', '1', '10', '8750093', 'i', 'z', '7282033', '0', '2019-09-10', 'int'),
('1920', 'int', '1', '22', '8773633', 'i', 'w', '8335415', '1', '2019-09-10', 'int'),
('1920', 'int', '1', '23', '8865549', 'i', 'w', '6192098', '0', '2019-09-10', 'int'),
('1920', 'int', '2', '19', '101', 'i', 'w', '7579154', '½', '2019-09-17', 'int'),
('1920', 'int', '2', '0', '103', 'a', '', '0', '', '2019-09-17', 'int'),
('1920', 'int', '2', '0', '6187885', 'a', '', '0', '', '2019-09-17', 'int'),
('1920', 'int', '2', '10', '6192098', 'i', 'w', '6212404', '0', '2019-09-17', 'int'),
('1920', 'int', '2', '10', '6212404', 'i', 'z', '6192098', '1', '2019-09-17', 'int'),
('1920', 'int', '2', '0', '6214153', 'a', '', '0', '', '2019-09-17', 'int'),
('1920', 'int', '2', '15', '6225934', 'i', 'w', '7701122', '1', '2019-09-17', 'int'),
('1920', 'int', '2', '14', '6572511', 'i', 'w', '7292043', '1', '2019-09-17', 'int'),
('1920', 'int', '2', '18', '6661721', 'i', 'z', '7419621', '0', '2019-09-17', 'int'),
('1920', 'int', '2', '0', '6930957', 'a', '', '0', '', '2019-09-17', 'int'),
('1920', 'int', '2', '12', '6951362', 'i', 'w', '7399469', '½', '2019-09-17', 'int'),
('1920', 'int', '2', '2', '7099950', 'i', 'w', '8096242', '1', '2019-09-17', 'int'),
('1920', 'int', '2', '3', '7129991', 'i', 'w', '7640798', '0', '2019-09-17', 'int'),
('1920', 'int', '2', '5', '7210137', 'i', 'z', '7282033', '½', '2019-09-17', 'int'),
('1920', 'int', '2', '0', '7227264', 'a', '', '0', '', '2019-09-17', 'int'),
('1920', 'int', '2', '16', '7269834', 'i', 'w', '8750093', '1', '2019-09-17', 'int'),
('1920', 'int', '2', '0', '7269900', 'a', '', '0', '', '2019-09-17', 'int'),
('1920', 'int', '2', '5', '7282033', 'i', 'w', '7210137', '½', '2019-09-17', 'int'),
('1920', 'int', '2', '14', '7292043', 'i', 'z', '6572511', '0', '2019-09-17', 'int'),
('1920', 'int', '2', '8', '7321534', 'i', 'z', '8305473', '½', '2019-09-17', 'int'),
('1920', 'int', '2', '12', '7399469', 'i', 'z', '6951362', '½', '2019-09-17', 'int'),
('1920', 'int', '2', '18', '7419621', 'i', 'w', '6661721', '1', '2019-09-17', 'int'),
('1920', 'int', '2', '0', '7428960', 'a', '', '0', '', '2019-09-17', 'int'),
('1920', 'int', '2', '6', '7502143', 'i', 'z', '8485059', '½', '2019-09-17', 'int'),
('1920', 'int', '2', '11', '7518203', 'i', 'w', '7758014', '0', '2019-09-17', 'int'),
('1920', 'int', '2', '1', '7529522', 'i', 'z', '7970094', '0', '2019-09-17', 'int'),
('1920', 'int', '2', '4', '7535385', 'i', 'z', '7731812', '½', '2019-09-17', 'int'),
('1920', 'int', '2', '0', '7535396', 'a', '', '0', '', '2019-09-17', 'int'),
('1920', 'int', '2', '0', '7544438', 'a', '', '0', '', '2019-09-17', 'int'),
('1920', 'int', '2', '7', '7546242', 'i', 'w', '8580385', '½', '2019-09-17', 'int'),
('1920', 'int', '2', '19', '7579154', 'i', 'z', '101', '½', '2019-09-17', 'int'),
('1920', 'int', '2', '0', '7582102', 'a', '', '0', '', '2019-09-17', 'int'),
('1920', 'int', '2', '3', '7640798', 'i', 'z', '7129991', '1', '2019-09-17', 'int'),
('1920', 'int', '2', '21', '7649213', 'i', 'z', '7665834', '½', '2019-09-17', 'int'),
('1920', 'int', '2', '21', '7665834', 'i', 'w', '7649213', '½', '2019-09-17', 'int'),
('1920', 'int', '2', '9', '7691728', 'i', 'w', '8773633', '1', '2019-09-17', 'int'),
('1920', 'int', '2', '0', '7699010', 'a', '', '0', '', '2019-09-17', 'int'),
('1920', 'int', '2', '15', '7701122', 'i', 'z', '6225934', '0', '2019-09-17', 'int'),
('1920', 'int', '2', '0', '7707832', 'a', '', '0', '', '2019-09-17', 'int'),
('1920', 'int', '2', '4', '7731812', 'i', 'w', '7535385', '½', '2019-09-17', 'int'),
('1920', 'int', '2', '11', '7758014', 'i', 'z', '7518203', '1', '2019-09-17', 'int'),
('1920', 'int', '2', '0', '7824674', 'a', '', '0', '', '2019-09-17', 'int'),
('1920', 'int', '2', '1', '7970094', 'i', 'w', '7529522', '1', '2019-09-17', 'int'),
('1920', 'int', '2', '22', '8073978', 'i', 'w', '8271560', '1', '2019-09-17', 'int'),
('1920', 'int', '2', '2', '8096242', 'i', 'z', '7099950', '0', '2019-09-17', 'int'),
('1920', 'int', '2', '0', '8112654', 'a', '', '0', '', '2019-09-17', 'int'),
('1920', 'int', '2', '0', '8182416', 'a', '', '0', '', '2019-09-17', 'int'),
('1920', 'int', '2', '17', '8224502', 'i', 'w', '8363982', '1', '2019-09-17', 'int'),
('1920', 'int', '2', '13', '8243312', 'i', 'w', '8276752', '0', '2019-09-17', 'int'),
('1920', 'int', '2', '22', '8271560', 'i', 'z', '8073978', '0', '2019-09-17', 'int'),
('1920', 'int', '2', '13', '8276752', 'i', 'z', '8243312', '1', '2019-09-17', 'int'),
('1920', 'int', '2', '0', '8291877', 'a', '', '0', '', '2019-09-17', 'int'),
('1920', 'int', '2', '8', '8305473', 'i', 'w', '7321534', '½', '2019-09-17', 'int'),
('1920', 'int', '2', '20', '8314834', 'i', 'w', '8865549', '1', '2019-09-17', 'int'),
('1920', 'int', '2', '0', '8335415', 'a', '', '0', '', '2019-09-17', 'int'),
('1920', 'int', '2', '17', '8363982', 'i', 'z', '8224502', '0', '2019-09-17', 'int'),
('1920', 'int', '2', '0', '8372881', 'o', '', '0', '', '2019-09-17', 'int'),
('1920', 'int', '2', '6', '8485059', 'i', 'w', '7502143', '½', '2019-09-17', 'int'),
('1920', 'int', '2', '0', '8580374', 'a', '', '0', '', '2019-09-17', 'int'),
('1920', 'int', '2', '7', '8580385', 'i', 'z', '7546242', '½', '2019-09-17', 'int'),
('1920', 'int', '2', '0', '8617367', 'a', '', '0', '', '2019-09-17', 'int'),
('1920', 'int', '2', '16', '8750093', 'i', 'z', '7269834', '0', '2019-09-17', 'int'),
('1920', 'int', '2', '9', '8773633', 'i', 'z', '7691728', '0', '2019-09-17', 'int'),
('1920', 'int', '2', '20', '8865549', 'i', 'z', '8314834', '0', '2019-09-17', 'int'),
('1920', 'int', '3', '18', '101', 'i', 'w', '103', '0', '2019-09-24', 'int'),
('1920', 'int', '3', '18', '103', 'i', 'z', '101', '1', '2019-09-24', 'int'),
('1920', 'int', '3', '0', '6187885', 'a', '', '0', '', '2019-09-24', 'int'),
('1920', 'int', '3', '13', '6192098', 'i', 'w', '6951362', '0', '2019-09-24', 'int'),
('1920', 'int', '3', '0', '6212404', 'a', '', '0', '', '2019-09-24', 'int'),
('1920', 'int', '3', '14', '6214153', 'i', 'w', '8773633', '1', '2019-09-24', 'int'),
('1920', 'int', '3', '10', '6225934', 'i', 'w', '7665834', '½', '2019-09-24', 'int'),
('1920', 'int', '3', '9', '6572511', 'i', 'w', '8372881', '½', '2019-09-24', 'int'),
('1920', 'int', '3', '23', '6661721', 'i', 'z', '8617367', '½', '2019-09-24', 'int'),
('1920', 'int', '3', '0', '6930957', 'a', '', '0', '', '2019-09-24', 'int'),
('1920', 'int', '3', '13', '6951362', 'i', 'z', '6192098', '1', '2019-09-24', 'int'),
('1920', 'int', '3', '1', '7099950', 'i', 'w', '7970094', '0', '2019-09-24', 'int'),
('1920', 'int', '3', '0', '7129991', 'a', '', '0', '', '2019-09-24', 'int'),
('1920', 'int', '3', '3', '7210137', 'i', 'w', '7544438', '½', '2019-09-24', 'int'),
('1920', 'int', '3', '12', '7227264', 'i', 'z', '7399469', '0', '2019-09-24', 'int'),
('1920', 'int', '3', '0', '7269834', 'a', '', '0', '', '2019-09-24', 'int'),
('1920', 'int', '3', '0', '7269900', 'a', '', '0', '', '2019-09-24', 'int'),
('1920', 'int', '3', '4', '7282033', 'i', 'z', '7502143', '1', '2019-09-24', 'int'),
('1920', 'int', '3', '19', '7292043', 'i', 'w', '8243312', '1', '2019-09-24', 'int'),
('1920', 'int', '3', '6', '7321534', 'i', 'w', '8073978', '½', '2019-09-24', 'int'),
('1920', 'int', '3', '12', '7399469', 'i', 'w', '7227264', '1', '2019-09-24', 'int'),
('1920', 'int', '3', '11', '7419621', 'i', 'z', '8224502', '1', '2019-09-24', 'int'),
('1920', 'int', '3', '0', '7428960', 'a', '', '0', '', '2019-09-24', 'int'),
('1920', 'int', '3', '4', '7502143', 'i', 'w', '7282033', '0', '2019-09-24', 'int'),
('1920', 'int', '3', '17', '7518203', 'i', 'z', '7699010', '½', '2019-09-24', 'int'),
('1920', 'int', '3', '0', '7529522', 'a', '', '0', '', '2019-09-24', 'int'),
('1920', 'int', '3', '0', '7535385', 'a', '', '0', '', '2019-09-24', 'int'),
('1920', 'int', '3', '15', '7535396', 'i', 'w', '8314834', '1', '2019-09-24', 'int'),
('1920', 'int', '3', '3', '7544438', 'i', 'z', '7210137', '½', '2019-09-24', 'int'),
('1920', 'int', '3', '7', '7546242', 'i', 'z', '8305473', '½', '2019-09-24', 'int'),
('1920', 'int', '3', '0', '7579154', 'a', '', '0', '', '2019-09-24', 'int'),
('1920', 'int', '3', '20', '7582102', 'i', 'z', '8335415', '0', '2019-09-24', 'int'),
('1920', 'int', '3', '0', '7640798', 'a', '', '0', '', '2019-09-24', 'int'),
('1920', 'int', '3', '0', '7649213', 'a', '', '0', '', '2019-09-24', 'int'),
('1920', 'int', '3', '10', '7665834', 'i', 'z', '6225934', '½', '2019-09-24', 'int'),
('1920', 'int', '3', '2', '7691728', 'i', 'z', '7731812', '0', '2019-09-24', 'int'),
('1920', 'int', '3', '17', '7699010', 'i', 'w', '7518203', '½', '2019-09-24', 'int'),
('1920', 'int', '3', '0', '7701122', 'a', '', '0', '', '2019-09-24', 'int'),
('1920', 'int', '3', '0', '7707832', 'a', '', '0', '', '2019-09-24', 'int'),
('1920', 'int', '3', '2', '7731812', 'i', 'w', '7691728', '1', '2019-09-24', 'int'),
('1920', 'int', '3', '5', '7758014', 'i', 'w', '8485059', '½', '2019-09-24', 'int'),
('1920', 'int', '3', '16', '7824674', 'i', 'w', '8112654', '½', '2019-09-24', 'int'),
('1920', 'int', '3', '1', '7970094', 'i', 'z', '7099950', '1', '2019-09-24', 'int'),
('1920', 'int', '3', '6', '8073978', 'i', 'z', '7321534', '½', '2019-09-24', 'int'),
('1920', 'int', '3', '0', '8096242', 'a', '', '0', '', '2019-09-24', 'int'),
('1920', 'int', '3', '16', '8112654', 'i', 'z', '7824674', '½', '2019-09-24', 'int'),
('1920', 'int', '3', '0', '8182416', 'a', '', '0', '', '2019-09-24', 'int'),
('1920', 'int', '3', '11', '8224502', 'i', 'w', '7419621', '0', '2019-09-24', 'int'),
('1920', 'int', '3', '19', '8243312', 'i', 'z', '7292043', '0', '2019-09-24', 'int'),
('1920', 'int', '3', '22', '8271560', 'i', 'w', '8865549', '1', '2019-09-24', 'int'),
('1920', 'int', '3', '0', '8276752', 'a', '', '0', '', '2019-09-24', 'int'),
('1920', 'int', '3', '8', '8291877', 'i', 'z', '8580385', '1', '2019-09-24', 'int'),
('1920', 'int', '3', '7', '8305473', 'i', 'w', '7546242', '½', '2019-09-24', 'int'),
('1920', 'int', '3', '15', '8314834', 'i', 'z', '7535396', '0', '2019-09-24', 'int'),
('1920', 'int', '3', '20', '8335415', 'i', 'w', '7582102', '1', '2019-09-24', 'int'),
('1920', 'int', '3', '21', '8363982', 'i', 'z', '8750093', '0', '2019-09-24', 'int'),
('1920', 'int', '3', '9', '8372881', 'i', 'z', '6572511', '½', '2019-09-24', 'int'),
('1920', 'int', '3', '5', '8485059', 'i', 'z', '7758014', '½', '2019-09-24', 'int'),
('1920', 'int', '3', '0', '8580374', 'a', '', '0', '', '2019-09-24', 'int'),
('1920', 'int', '3', '8', '8580385', 'i', 'w', '8291877', '0', '2019-09-24', 'int'),
('1920', 'int', '3', '23', '8617367', 'i', 'w', '6661721', '½', '2019-09-24', 'int'),
('1920', 'int', '3', '21', '8750093', 'i', 'w', '8363982', '1', '2019-09-24', 'int'),
('1920', 'int', '3', '14', '8773633', 'i', 'z', '6214153', '0', '2019-09-24', 'int'),
('1920', 'int', '3', '22', '8865549', 'i', 'z', '8271560', '0', '2019-09-24', 'int'),
('1920', 'int', '4', '19', '101', 'i', 'z', '8865549', '½', '2019-10-01', 'int'),
('1920', 'int', '4', '11', '103', 'i', 'w', '7649213', '0', '2019-10-01', 'int'),
('1920', 'int', '4', '0', '6187885', 'a', '', '0', '', '2019-10-01', 'int'),
('1920', 'int', '4', '16', '6192098', 'i', 'z', '8314834', '0', '2019-10-01', 'int'),
('1920', 'int', '4', '0', '6212404', 'a', '', '0', '', '2019-10-01', 'int'),
('1920', 'int', '4', '8', '6214153', 'i', 'w', '6225934', '0', '2019-10-01', 'int'),
('1920', 'int', '4', '8', '6225934', 'i', 'z', '6214153', '1', '2019-10-01', 'int'),
('1920', 'int', '4', '5', '6572511', 'i', 'z', '7546242', '1', '2019-10-01', 'int'),
('1920', 'int', '4', '0', '6661721', 'a', '', '0', '', '2019-10-01', 'int'),
('1920', 'int', '4', '0', '6930957', 'a', '', '0', '', '2019-10-01', 'int'),
('1920', 'int', '4', '0', '6951362', 'a', '', '0', '', '2019-10-01', 'int'),
('1920', 'int', '4', '2', '7099950', 'i', 'z', '7399469', '1', '2019-10-01', 'int'),
('1920', 'int', '4', '0', '7129991', 'a', '', '0', '', '2019-10-01', 'int'),
('1920', 'int', '4', '0', '7210137', 'a', '', '0', '', '2019-10-01', 'int'),
('1920', 'int', '4', '0', '7227264', 'a', '', '0', '', '2019-10-01', 'int'),
('1920', 'int', '4', '10', '7269834', 'i', 'w', '7502143', '0', '2019-10-01', 'int'),
('1920', 'int', '4', '12', '7269900', 'i', 'w', '8112654', '½', '2019-10-01', 'int'),
('1920', 'int', '4', '1', '7282033', 'i', 'w', '7731812', '1', '2019-10-01', 'int'),
('1920', 'int', '4', '13', '7292043', 'i', 'w', '7824674', '0', '2019-10-01', 'int'),
('1920', 'int', '4', '6', '7321534', 'i', 'z', '8096242', '0', '2019-10-01', 'int'),
('1920', 'int', '4', '2', '7399469', 'i', 'w', '7099950', '0', '2019-10-01', 'int'),
('1920', 'int', '4', '3', '7419621', 'i', 'z', '7758014', '0', '2019-10-01', 'int'),
('1920', 'int', '4', '0', '7428960', 'a', '', '0', '', '2019-10-01', 'int'),
('1920', 'int', '4', '10', '7502143', 'i', 'z', '7269834', '1', '2019-10-01', 'int'),
('1920', 'int', '4', '14', '7518203', 'i', 'w', '8335415', '1', '2019-10-01', 'int'),
('1920', 'int', '4', '7', '7529522', 'i', 'w', '8372881', '1', '2019-10-01', 'int'),
('1920', 'int', '4', '0', '7535385', 'a', '', '0', '', '2019-10-01', 'int'),
('1920', 'int', '4', '0', '7535396', 'a', '', '0', '', '2019-10-01', 'int'),
('1920', 'int', '4', '0', '7544438', 'a', '', '0', '', '2019-10-01', 'int'),
('1920', 'int', '4', '5', '7546242', 'i', 'w', '6572511', '0', '2019-10-01', 'int'),
('1920', 'int', '4', '17', '7579154', 'i', 'w', '8271560', '1', '2019-10-01', 'int'),
('1920', 'int', '4', '0', '7582102', 'o', '', '0', '', '2019-10-01', 'int'),
('1920', 'int', '4', '0', '7640798', 'w', '', '0', '', '2019-10-01', 'int'),
('1920', 'int', '4', '11', '7649213', 'i', 'z', '103', '1', '2019-10-01', 'int'),
('1920', 'int', '4', '9', '7665834', 'i', 'z', '8276752', '½', '2019-10-01', 'int'),
('1920', 'int', '4', '4', '7691728', 'i', 'w', '8073978', '1', '2019-10-01', 'int'),
('1920', 'int', '4', '0', '7699010', 'a', '', '0', '', '2019-10-01', 'int'),
('1920', 'int', '4', '0', '7701122', 'a', '', '0', '', '2019-10-01', 'int'),
('1920', 'int', '4', '0', '7707832', 'a', '', '0', '', '2019-10-01', 'int'),
('1920', 'int', '4', '1', '7731812', 'i', 'z', '7282033', '0', '2019-10-01', 'int'),
('1920', 'int', '4', '3', '7758014', 'i', 'w', '7419621', '1', '2019-10-01', 'int'),
('1920', 'int', '4', '13', '7824674', 'i', 'z', '7292043', '1', '2019-10-01', 'int'),
('1920', 'int', '4', '0', '7970094', 'a', '', '0', '', '2019-10-01', 'int'),
('1920', 'int', '4', '4', '8073978', 'i', 'z', '7691728', '0', '2019-10-01', 'int'),
('1920', 'int', '4', '6', '8096242', 'i', 'w', '7321534', '1', '2019-10-01', 'int'),
('1920', 'int', '4', '12', '8112654', 'i', 'z', '7269900', '½', '2019-10-01', 'int'),
('1920', 'int', '4', '0', '8182416', 'a', '', '0', '', '2019-10-01', 'int'),
('1920', 'int', '4', '15', '8224502', 'i', 'z', '8617367', '1', '2019-10-01', 'int'),
('1920', 'int', '4', '18', '8243312', 'i', 'z', '8363982', '0', '2019-10-01', 'int'),
('1920', 'int', '4', '17', '8271560', 'i', 'z', '7579154', '0', '2019-10-01', 'int'),
('1920', 'int', '4', '9', '8276752', 'i', 'w', '7665834', '½', '2019-10-01', 'int'),
('1920', 'int', '4', '0', '8291877', 'a', '', '0', '', '2019-10-01', 'int'),
('1920', 'int', '4', '0', '8305473', 'a', '', '0', '', '2019-10-01', 'int'),
('1920', 'int', '4', '16', '8314834', 'i', 'w', '6192098', '1', '2019-10-01', 'int'),
('1920', 'int', '4', '14', '8335415', 'i', 'z', '7518203', '0', '2019-10-01', 'int'),
('1920', 'int', '4', '18', '8363982', 'i', 'w', '8243312', '1', '2019-10-01', 'int'),
('1920', 'int', '4', '7', '8372881', 'i', 'z', '7529522', '0', '2019-10-01', 'int'),
('1920', 'int', '4', '0', '8485059', 'a', '', '0', '', '2019-10-01', 'int'),
('1920', 'int', '4', '0', '8580374', 'a', '', '0', '', '2019-10-01', 'int'),
('1920', 'int', '4', '0', '8580385', 'a', '', '0', '', '2019-10-01', 'int'),
('1920', 'int', '4', '15', '8617367', 'i', 'w', '8224502', '0', '2019-10-01', 'int'),
('1920', 'int', '4', '0', '8750093', 'a', '', '0', '', '2019-10-01', 'int'),
('1920', 'int', '4', '0', '8773633', 'a', '', '0', '', '2019-10-01', 'int'),
('1920', 'int', '4', '19', '8865549', 'i', 'w', '101', '½', '2019-10-01', 'int'),
('1920', 'int', '5', '20', '101', 'i', 'z', '8271560', '1', '2019-10-15', 'int'),
('1920', 'int', '5', '17', '103', 'i', 'z', '7227264', '0', '2019-10-15', 'int'),
('1920', 'int', '5', '0', '6187885', 'a', '', '0', '', '2019-10-15', 'int'),
('1920', 'int', '5', '0', '6192098', 'e', '', '0', '', '2019-10-15', 'int'),
('1920', 'int', '5', '9', '6212404', 'i', 'w', '7399469', '0', '2019-10-15', 'int'),
('1920', 'int', '5', '11', '6214153', 'i', 'z', '7321534', '0', '2019-10-15', 'int'),
('1920', 'int', '5', '3', '6225934', 'i', 'w', '8096242', '0', '2019-10-15', 'int'),
('1920', 'int', '5', '4', '6572511', 'i', 'z', '7535385', '1', '2019-10-15', 'int'),
('1920', 'int', '5', '19', '6661721', 'i', 'w', '8363982', '0', '2019-10-15', 'int'),
('1920', 'int', '5', '14', '6930957', 'i', 'w', '7292043', '0', '2019-10-15', 'int'),
('1920', 'int', '5', '0', '6951362', 'a', '', '0', '', '2019-10-15', 'int'),
('1920', 'int', '5', '1', '7099950', 'i', 'w', '7282033', '0', '2019-10-15', 'int'),
('1920', 'int', '5', '0', '7129991', 'a', '', '0', '', '2019-10-15', 'int'),
('1920', 'int', '5', '5', '7210137', 'i', 'z', '7731812', '½', '2019-10-15', 'int'),
('1920', 'int', '5', '17', '7227264', 'i', 'w', '103', '1', '2019-10-15', 'int'),
('1920', 'int', '5', '15', '7269834', 'i', 'z', '8580385', '1', '2019-10-15', 'int'),
('1920', 'int', '5', '0', '7269900', 'a', '', '0', '', '2019-10-15', 'int'),
('1920', 'int', '5', '1', '7282033', 'i', 'z', '7099950', '1', '2019-10-15', 'int'),
('1920', 'int', '5', '14', '7292043', 'i', 'z', '6930957', '1', '2019-10-15', 'int'),
('1920', 'int', '5', '11', '7321534', 'i', 'w', '6214153', '1', '2019-10-15', 'int'),
('1920', 'int', '5', '9', '7399469', 'i', 'z', '6212404', '1', '2019-10-15', 'int'),
('1920', 'int', '5', '10', '7419621', 'i', 'w', '8305473', '1', '2019-10-15', 'int'),
('1920', 'int', '5', '0', '7428960', 'a', '', '0', '', '2019-10-15', 'int'),
('1920', 'int', '5', '6', '7502143', 'i', 'z', '8291877', '½', '2019-10-15', 'int'),
('1920', 'int', '5', '0', '7518203', 'e', '', '0', '', '2019-10-15', 'int'),
('1920', 'int', '5', '2', '7529522', 'i', 'w', '7758014', '0', '2019-10-15', 'int'),
('1920', 'int', '5', '4', '7535385', 'i', 'w', '6572511', '0', '2019-10-15', 'int'),
('1920', 'int', '5', '0', '7535396', 'a', '', '0', '', '2019-10-15', 'int'),
('1920', 'int', '5', '7', '7544438', 'i', 'z', '8485059', '½', '2019-10-15', 'int'),
('1920', 'int', '5', '0', '7546242', 'e', '', '0', '', '2019-10-15', 'int'),
('1920', 'int', '5', '16', '7579154', 'i', 'z', '8750093', '0', '2019-10-15', 'int'),
('1920', 'int', '5', '0', '7582102', 'a', '', '0', '', '2019-10-15', 'int'),
('1920', 'int', '5', '0', '7640798', 'a', '', '0', '', '2019-10-15', 'int'),
('1920', 'int', '5', '0', '7649213', 'a', '', '0', '', '2019-10-15', 'int'),
('1920', 'int', '5', '0', '7665834', 'a', '', '0', '', '2019-10-15', 'int'),
('1920', 'int', '5', '0', '7691728', 't', '', '0', '', '2019-10-15', 'int'),
('1920', 'int', '5', '0', '7699010', 'a', '', '0', '', '2019-10-15', 'int'),
('1920', 'int', '5', '0', '7701122', 'a', '', '0', '', '2019-10-15', 'int'),
('1920', 'int', '5', '0', '7707832', 'a', '', '0', '', '2019-10-15', 'int'),
('1920', 'int', '5', '5', '7731812', 'i', 'w', '7210137', '½', '2019-10-15', 'int'),
('1920', 'int', '5', '2', '7758014', 'i', 'z', '7529522', '1', '2019-10-15', 'int'),
('1920', 'int', '5', '8', '7824674', 'i', 'w', '8276752', '½', '2019-10-15', 'int'),
('1920', 'int', '5', '0', '7970094', 'a', '', '0', '', '2019-10-15', 'int'),
('1920', 'int', '5', '0', '8073978', 'e', '', '0', '', '2019-10-15', 'int'),
('1920', 'int', '5', '3', '8096242', 'i', 'z', '6225934', '1', '2019-10-15', 'int'),
('1920', 'int', '5', '12', '8112654', 'i', 'w', '8224502', '1', '2019-10-15', 'int'),
('1920', 'int', '5', '0', '8182416', 'e', '', '0', '', '2019-10-15', 'int'),
('1920', 'int', '5', '12', '8224502', 'i', 'z', '8112654', '0', '2019-10-15', 'int'),
('1920', 'int', '5', '0', '8243312', 'e', '', '0', '', '2019-10-15', 'int'),
('1920', 'int', '5', '20', '8271560', 'i', 'w', '101', '0', '2019-10-15', 'int'),
('1920', 'int', '5', '8', '8276752', 'i', 'z', '7824674', '½', '2019-10-15', 'int'),
('1920', 'int', '5', '6', '8291877', 'i', 'w', '7502143', '½', '2019-10-15', 'int'),
('1920', 'int', '5', '10', '8305473', 'i', 'z', '7419621', '0', '2019-10-15', 'int'),
('1920', 'int', '5', '13', '8314834', 'i', 'z', '8372881', '0', '2019-10-15', 'int'),
('1920', 'int', '5', '0', '8335415', 'a', '', '0', '', '2019-10-15', 'int'),
('1920', 'int', '5', '19', '8363982', 'i', 'z', '6661721', '1', '2019-10-15', 'int'),
('1920', 'int', '5', '13', '8372881', 'i', 'w', '8314834', '1', '2019-10-15', 'int'),
('1920', 'int', '5', '7', '8485059', 'i', 'w', '7544438', '½', '2019-10-15', 'int'),
('1920', 'int', '5', '0', '8580374', 'a', '', '0', '', '2019-10-15', 'int'),
('1920', 'int', '5', '15', '8580385', 'i', 'w', '7269834', '0', '2019-10-15', 'int'),
('1920', 'int', '5', '18', '8617367', 'i', 'z', '8773633', '1', '2019-10-15', 'int'),
('1920', 'int', '5', '16', '8750093', 'i', 'w', '7579154', '1', '2019-10-15', 'int'),
('1920', 'int', '5', '18', '8773633', 'i', 'w', '8617367', '0', '2019-10-15', 'int'),
('1920', 'int', '5', '0', '8865549', 'o', '', '0', '', '2019-10-15', 'int'),
('1920', 'int', '6', '21', '101', 'i', 'w', '6192098', '½', '2019-10-29', 'int'),
('1920', 'int', '6', '22', '103', 'i', 'w', '7566031', '1', '2019-10-29', 'int'),
('1920', 'int', '6', '1', '104', 'i', 'z', '7758014', '1', '2019-10-29', 'int'),
('1920', 'int', '6', '23', '6187885', 'i', 'z', '8335415', '0', '2019-10-29', 'int'),
('1920', 'int', '6', '21', '6192098', 'i', 'z', '101', '½', '2019-10-29', 'int'),
('1920', 'int', '6', '17', '6212404', 'i', 'z', '8305473', '½', '2019-10-29', 'int'),
('1920', 'int', '6', '18', '6214153', 'i', 'z', '8224502', '1', '2019-10-29', 'int'),
('1920', 'int', '6', '5', '6225934', 'i', 'z', '7210137', '1', '2019-10-29', 'int'),
('1920', 'int', '6', '4', '6572511', 'i', 'w', '7099950', '0', '2019-10-29', 'int'),
('1920', 'int', '6', '26', '6661721', 'i', 'w', '8271560', '0', '2019-10-29', 'int'),
('1920', 'int', '6', '0', '6930957', 'a', '', '0', '', '2019-10-29', 'int'),
('1920', 'int', '6', '13', '6951362', 'i', 'z', '7292043', '1', '2019-10-29', 'int'),
('1920', 'int', '6', '4', '7099950', 'i', 'z', '6572511', '1', '2019-10-29', 'int'),
('1920', 'int', '6', '8', '7129991', 'i', 'z', '8291877', '1', '2019-10-29', 'int'),
('1920', 'int', '6', '5', '7210137', 'i', 'w', '6225934', '0', '2019-10-29', 'int'),
('1920', 'int', '6', '0', '7227264', 'a', '', '0', '', '2019-10-29', 'int'),
('1920', 'int', '6', '15', '7269834', 'i', 'w', '7535396', '0', '2019-10-29', 'int'),
('1920', 'int', '6', '16', '7269900', 'i', 'z', '8073978', '1', '2019-10-29', 'int'),
('1920', 'int', '6', '2', '7282033', 'i', 'z', '7970094', '0', '2019-10-29', 'int'),
('1920', 'int', '6', '13', '7292043', 'i', 'w', '6951362', '0', '2019-10-29', 'int'),
('1920', 'int', '6', '9', '7321534', 'i', 'z', '7502143', '0', '2019-10-29', 'int'),
('1920', 'int', '6', '6', '7399469', 'i', 'z', '7691728', '1', '2019-10-29', 'int'),
('1920', 'int', '6', '10', '7419621', 'i', 'z', '8485059', '0', '2019-10-29', 'int'),
('1920', 'int', '6', '7', '7428960', 'i', 'w', '7529522', '0', '2019-10-29', 'int'),
('1920', 'int', '6', '9', '7502143', 'i', 'w', '7321534', '1', '2019-10-29', 'int'),
('1920', 'int', '6', '14', '7518203', 'i', 'z', '8182416', '0', '2019-10-29', 'int'),
('1920', 'int', '6', '7', '7529522', 'i', 'z', '7428960', '1', '2019-10-29', 'int'),
('1920', 'int', '6', '0', '7535385', 'a', '', '0', '', '2019-10-29', 'int'),
('1920', 'int', '6', '15', '7535396', 'i', 'z', '7269834', '1', '2019-10-29', 'int'),
('1920', 'int', '6', '11', '7544438', 'i', 'w', '7824674', '0', '2019-10-29', 'int'),
('1920', 'int', '6', '0', '7546242', 'a', '', '0', '', '2019-10-29', 'int'),
('1920', 'int', '6', '22', '7566031', 'i', 'z', '103', '0', '2019-10-29', 'int'),
('1920', 'int', '6', '0', '7579154', 'a', '', '0', '', '2019-10-29', 'int'),
('1920', 'int', '6', '24', '7582102', 'i', 'w', '8865549', '1', '2019-10-29', 'int'),
('1920', 'int', '6', '0', '7640798', 'a', '', '0', '', '2019-10-29', 'int'),
('1920', 'int', '6', '0', '7649213', 'a', '', '0', '', '2019-10-29', 'int'),
('1920', 'int', '6', '0', '7665834', 'a', '', '0', '', '2019-10-29', 'int'),
('1920', 'int', '6', '6', '7691728', 'i', 'w', '7399469', '0', '2019-10-29', 'int'),
('1920', 'int', '6', '19', '7699010', 'i', 'w', '8617367', '½', '2019-10-29', 'int'),
('1920', 'int', '6', '0', '7701122', 'a', '', '0', '', '2019-10-29', 'int'),
('1920', 'int', '6', '0', '7707832', 'a', '', '0', '', '2019-10-29', 'int'),
('1920', 'int', '6', '3', '7731812', 'i', 'z', '8096242', '0', '2019-10-29', 'int'),
('1920', 'int', '6', '1', '7758014', 'i', 'w', '104', '0', '2019-10-29', 'int'),
('1920', 'int', '6', '11', '7824674', 'i', 'z', '7544438', '1', '2019-10-29', 'int'),
('1920', 'int', '6', '2', '7970094', 'i', 'w', '7282033', '1', '2019-10-29', 'int'),
('1920', 'int', '6', '16', '8073978', 'i', 'w', '7269900', '0', '2019-10-29', 'int'),
('1920', 'int', '6', '3', '8096242', 'i', 'w', '7731812', '1', '2019-10-29', 'int'),
('1920', 'int', '6', '12', '8112654', 'i', 'w', '8372881', '1', '2019-10-29', 'int'),
('1920', 'int', '6', '14', '8182416', 'i', 'w', '7518203', '1', '2019-10-29', 'int'),
('1920', 'int', '6', '18', '8224502', 'i', 'w', '6214153', '0', '2019-10-29', 'int'),
('1920', 'int', '6', '25', '8243312', 'i', 'w', '8773633', '1', '2019-10-29', 'int'),
('1920', 'int', '6', '26', '8271560', 'i', 'z', '6661721', '1', '2019-10-29', 'int'),
('1920', 'int', '6', '0', '8276752', 'a', '', '0', '', '2019-10-29', 'int'),
('1920', 'int', '6', '8', '8291877', 'i', 'w', '7129991', '0', '2019-10-29', 'int'),
('1920', 'int', '6', '17', '8305473', 'i', 'w', '6212404', '½', '2019-10-29', 'int'),
('1920', 'int', '6', '20', '8314834', 'i', 'w', '8580385', '1', '2019-10-29', 'int'),
('1920', 'int', '6', '23', '8335415', 'i', 'w', '6187885', '1', '2019-10-29', 'int'),
('1920', 'int', '6', '0', '8363982', 'a', '', '0', '', '2019-10-29', 'int'),
('1920', 'int', '6', '12', '8372881', 'i', 'z', '8112654', '0', '2019-10-29', 'int'),
('1920', 'int', '6', '10', '8485059', 'i', 'w', '7419621', '1', '2019-10-29', 'int'),
('1920', 'int', '6', '0', '8580374', 'a', '', '0', '', '2019-10-29', 'int'),
('1920', 'int', '6', '20', '8580385', 'i', 'z', '8314834', '0', '2019-10-29', 'int'),
('1920', 'int', '6', '19', '8617367', 'i', 'z', '7699010', '½', '2019-10-29', 'int'),
('1920', 'int', '6', '0', '8750093', 'a', '', '0', '', '2019-10-29', 'int'),
('1920', 'int', '6', '25', '8773633', 'i', 'z', '8243312', '0', '2019-10-29', 'int'),
('1920', 'int', '6', '24', '8865549', 'i', 'z', '7582102', '0', '2019-10-29', 'int'),
('1920', 'int', '7', '15', '101', 'i', 'w', '7582102', '½', '2019-11-05', 'int'),
('1920', 'int', '7', '14', '103', 'i', 'z', '8224502', '½', '2019-11-05', 'int'),
('1920', 'int', '7', '0', '104', 'a', '', '0', '', '2019-11-05', 'int'),
('1920', 'int', '7', '17', '6187885', 'i', 'z', '8865549', '0', '2019-11-05', 'int'),
('1920', 'int', '7', '16', '6192098', 'i', 'w', '8271560', '1', '2019-11-05', 'int'),
('1920', 'int', '7', '9', '6212404', 'i', 'z', '6214153', '½', '2019-11-05', 'int'),
('1920', 'int', '7', '9', '6214153', 'i', 'w', '6212404', '½', '2019-11-05', 'int'),
('1920', 'int', '7', '0', '6225934', 'e', '', '0', '', '2019-11-05', 'int'),
('1920', 'int', '7', '3', '6572511', 'i', 'w', '8112654', '1', '2019-11-05', 'int'),
('1920', 'int', '7', '0', '6661721', 'a', '', '0', '', '2019-11-05', 'int'),
('1920', 'int', '7', '0', '6930957', 'a', '', '0', '', '2019-11-05', 'int'),
('1920', 'int', '7', '5', '6951362', 'i', 'w', '8182416', '1', '2019-11-05', 'int'),
('1920', 'int', '7', '0', '7099950', 'e', '', '0', '', '2019-11-05', 'int'),
('1920', 'int', '7', '0', '7129991', 'e', '', '0', '', '2019-11-05', 'int'),
('1920', 'int', '7', '0', '7210137', 'a', '', '0', '', '2019-11-05', 'int'),
('1920', 'int', '7', '0', '7227264', 'a', '', '0', '', '2019-11-05', 'int'),
('1920', 'int', '7', '12', '7269834', 'i', 'z', '7546242', '0', '2019-11-05', 'int'),
('1920', 'int', '7', '7', '7269900', 'i', 'w', '8276752', '½', '2019-11-05', 'int'),
('1920', 'int', '7', '1', '7282033', 'i', 'w', '7640798', '1', '2019-11-05', 'int'),
('1920', 'int', '7', '10', '7292043', 'i', 'w', '8750093', '0', '2019-11-05', 'int'),
('1920', 'int', '7', '8', '7321534', 'i', 'z', '8372881', '0', '2019-11-05', 'int'),
('1920', 'int', '7', '4', '7399469', 'i', 'w', '7502143', '½', '2019-11-05', 'int'),
('1920', 'int', '7', '0', '7419621', 'a', '', '0', '', '2019-11-05', 'int'),
('1920', 'int', '7', '0', '7428960', 'e', '', '0', '', '2019-11-05', 'int'),
('1920', 'int', '7', '4', '7502143', 'i', 'z', '7399469', '½', '2019-11-05', 'int'),
('1920', 'int', '7', '0', '7518203', 'a', '', '0', '', '2019-11-05', 'int'),
('1920', 'int', '7', '2', '7529522', 'i', 'w', '8485059', '1', '2019-11-05', 'int'),
('1920', 'int', '7', '0', '7535385', 'a', '', '0', '', '2019-11-05', 'int'),
('1920', 'int', '7', '6', '7535396', 'i', 'z', '7731812', '½', '2019-11-05', 'int'),
('1920', 'int', '7', '0', '7544438', 'a', '', '0', '', '2019-11-05', 'int'),
('1920', 'int', '7', '12', '7546242', 'i', 'w', '7269834', '1', '2019-11-05', 'int'),
('1920', 'int', '7', '18', '7566031', 'i', 'z', '8773633', '½', '2019-11-05', 'int'),
('1920', 'int', '7', '0', '7579154', 'a', '', '0', '', '2019-11-05', 'int'),
('1920', 'int', '7', '15', '7582102', 'i', 'z', '101', '½', '2019-11-05', 'int'),
('1920', 'int', '7', '1', '7640798', 'i', 'z', '7282033', '0', '2019-11-05', 'int'),
('1920', 'int', '7', '0', '7649213', 'a', '', '0', '', '2019-11-05', 'int'),
('1920', 'int', '7', '0', '7665834', 'a', '', '0', '', '2019-11-05', 'int'),
('1920', 'int', '7', '0', '7691728', 'a', '', '0', '', '2019-11-05', 'int'),
('1920', 'int', '7', '0', '7699010', 'a', '', '0', '', '2019-11-05', 'int'),
('1920', 'int', '7', '0', '7701122', 'a', '', '0', '', '2019-11-05', 'int'),
('1920', 'int', '7', '0', '7707832', 'e', '', '0', '', '2019-11-05', 'int'),
('1920', 'int', '7', '6', '7731812', 'i', 'w', '7535396', '½', '2019-11-05', 'int'),
('1920', 'int', '7', '0', '7758014', 'a', '', '0', '', '2019-11-05', 'int'),
('1920', 'int', '7', '0', '7824674', 'a', '', '0', '', '2019-11-05', 'int'),
('1920', 'int', '7', '0', '7970094', 'a', '', '0', '', '2019-11-05', 'int'),
('1920', 'int', '7', '13', '8073978', 'i', 'z', '8617367', '0', '2019-11-05', 'int'),
('1920', 'int', '7', '0', '8096242', 'e', '', '0', '', '2019-11-05', 'int'),
('1920', 'int', '7', '3', '8112654', 'i', 'z', '6572511', '0', '2019-11-05', 'int'),
('1920', 'int', '7', '5', '8182416', 'i', 'z', '6951362', '0', '2019-11-05', 'int'),
('1920', 'int', '7', '14', '8224502', 'i', 'w', '103', '½', '2019-11-05', 'int'),
('1920', 'int', '7', '0', '8243312', 'a', '', '0', '', '2019-11-05', 'int'),
('1920', 'int', '7', '16', '8271560', 'i', 'z', '6192098', '0', '2019-11-05', 'int'),
('1920', 'int', '7', '7', '8276752', 'i', 'z', '7269900', '½', '2019-11-05', 'int'),
('1920', 'int', '7', '0', '8291877', 'a', '', '0', '', '2019-11-05', 'int'),
('1920', 'int', '7', '11', '8305473', 'i', 'w', '8314834', '0', '2019-11-05', 'int'),
('1920', 'int', '7', '11', '8314834', 'i', 'z', '8305473', '1', '2019-11-05', 'int'),
('1920', 'int', '7', '0', '8335415', 'a', '', '0', '', '2019-11-05', 'int'),
('1920', 'int', '7', '0', '8363982', 'a', '', '0', '', '2019-11-05', 'int'),
('1920', 'int', '7', '8', '8372881', 'i', 'w', '7321534', '1', '2019-11-05', 'int'),
('1920', 'int', '7', '2', '8485059', 'i', 'z', '7529522', '0', '2019-11-05', 'int'),
('1920', 'int', '7', '0', '8580374', 'a', '', '0', '', '2019-11-05', 'int'),
('1920', 'int', '7', '0', '8580385', 'a', '', '0', '', '2019-11-05', 'int'),
('1920', 'int', '7', '13', '8617367', 'i', 'w', '8073978', '1', '2019-11-05', 'int'),
('1920', 'int', '7', '10', '8750093', 'i', 'z', '7292043', '1', '2019-11-05', 'int'),
('1920', 'int', '7', '18', '8773633', 'i', 'w', '7566031', '½', '2019-11-05', 'int'),
('1920', 'int', '7', '17', '8865549', 'i', 'w', '6187885', '1', '2019-11-05', 'int'),
('1920', 'int', '8', '0', '101', 'o', '', '0', '', '2019-11-12', 'int'),
('1920', 'int', '8', '13', '103', 'i', 'w', '7269834', '0', '2019-11-12', 'int'),
('1920', 'int', '8', '0', '104', 'a', '', '0', '', '2019-11-12', 'int'),
('1920', 'int', '8', '17', '105', 'i', 'z', '7566031', '0', '2019-11-12', 'int'),
('1920', 'int', '8', '19', '6187885', 'i', 'w', '6661721', '½', '2019-11-12', 'int'),
('1920', 'int', '8', '12', '6192098', 'i', 'w', '8305473', '1', '2019-11-12', 'int'),
('1920', 'int', '8', '9', '6212404', 'i', 'w', '8617367', '1', '2019-11-12', 'int'),
('1920', 'int', '8', '0', '6214153', 'e', '', '0', '', '2019-11-12', 'int'),
('1920', 'int', '8', '3', '6225934', 'i', 'z', '7099950', '½', '2019-11-12', 'int'),
('1920', 'int', '8', '2', '6572511', 'i', 'z', '7970094', '0', '2019-11-12', 'int'),
('1920', 'int', '8', '19', '6661721', 'i', 'z', '6187885', '½', '2019-11-12', 'int'),
('1920', 'int', '8', '0', '6930957', 'a', '', '0', '', '2019-11-12', 'int'),
('1920', 'int', '8', '0', '6951362', 'a', '', '0', '', '2019-11-12', 'int'),
('1920', 'int', '8', '3', '7099950', 'i', 'w', '6225934', '½', '2019-11-12', 'int'),
('1920', 'int', '8', '0', '7129991', 'a', '', '0', '', '2019-11-12', 'int'),
('1920', 'int', '8', '0', '7210137', 'a', '', '0', '', '2019-11-12', 'int'),
('1920', 'int', '8', '11', '7227264', 'i', 'z', '7518203', '½', '2019-11-12', 'int'),
('1920', 'int', '8', '13', '7269834', 'i', 'z', '103', '1', '2019-11-12', 'int'),
('1920', 'int', '8', '0', '7269900', 'a', '', '0', '', '2019-11-12', 'int'),
('1920', 'int', '8', '1', '7282033', 'i', 'w', '8096242', '0', '2019-11-12', 'int'),
('1920', 'int', '8', '0', '7292043', 'e', '', '0', '', '2019-11-12', 'int'),
('1920', 'int', '8', '10', '7321534', 'i', 'w', '7419621', '½', '2019-11-12', 'int'),
('1920', 'int', '8', '4', '7399469', 'i', 'z', '8485059', '0', '2019-11-12', 'int'),
('1920', 'int', '8', '10', '7419621', 'i', 'z', '7321534', '½', '2019-11-12', 'int'),
('1920', 'int', '8', '0', '7428960', 'a', '', '0', '', '2019-11-12', 'int'),
('1920', 'int', '8', '5', '7502143', 'i', 'w', '8372881', '1', '2019-11-12', 'int'),
('1920', 'int', '8', '11', '7518203', 'i', 'w', '7227264', '½', '2019-11-12', 'int'),
('1920', 'int', '8', '0', '7529522', 'e', '', '0', '', '2019-11-12', 'int'),
('1920', 'int', '8', '0', '7535385', 'a', '', '0', '', '2019-11-12', 'int'),
('1920', 'int', '8', '6', '7535396', 'i', 'w', '8182416', '1', '2019-11-12', 'int'),
('1920', 'int', '8', '0', '7544438', 'a', '', '0', '', '2019-11-12', 'int'),
('1920', 'int', '8', '7', '7546242', 'i', 'z', '7665834', '0', '2019-11-12', 'int'),
('1920', 'int', '8', '17', '7566031', 'i', 'w', '105', '1', '2019-11-12', 'int'),
('1920', 'int', '8', '15', '7579154', 'i', 'w', '8243312', '0', '2019-11-12', 'int'),
('1920', 'int', '8', '14', '7582102', 'i', 'w', '8224502', '½', '2019-11-12', 'int'),
('1920', 'int', '8', '0', '7640798', 'a', '', '0', '', '2019-11-12', 'int'),
('1920', 'int', '8', '0', '7649213', 'a', '', '0', '', '2019-11-12', 'int'),
('1920', 'int', '8', '7', '7665834', 'i', 'w', '7546242', '1', '2019-11-12', 'int'),
('1920', 'int', '8', '0', '7691728', 'a', '', '0', '', '2019-11-12', 'int'),
('1920', 'int', '8', '0', '7699010', 'a', '', '0', '', '2019-11-12', 'int'),
('1920', 'int', '8', '0', '7701122', 'a', '', '0', '', '2019-11-12', 'int'),
('1920', 'int', '8', '0', '7707832', 'a', '', '0', '', '2019-11-12', 'int'),
('1920', 'int', '8', '0', '7731812', 'e', '', '0', '', '2019-11-12', 'int'),
('1920', 'int', '8', '0', '7758014', 'e', '', '0', '', '2019-11-12', 'int'),
('1920', 'int', '8', '0', '7824674', 'e', '', '0', '', '2019-11-12', 'int'),
('1920', 'int', '8', '2', '7970094', 'i', 'w', '6572511', '1', '2019-11-12', 'int'),
('1920', 'int', '8', '0', '8073978', 'a', '', '0', '', '2019-11-12', 'int'),
('1920', 'int', '8', '1', '8096242', 'i', 'z', '7282033', '1', '2019-11-12', 'int'),
('1920', 'int', '8', '0', '8112654', 'a', '', '0', '', '2019-11-12', 'int'),
('1920', 'int', '8', '6', '8182416', 'i', 'z', '7535396', '0', '2019-11-12', 'int'),
('1920', 'int', '8', '14', '8224502', 'i', 'z', '7582102', '½', '2019-11-12', 'int'),
('1920', 'int', '8', '15', '8243312', 'i', 'z', '7579154', '1', '2019-11-12', 'int'),
('1920', 'int', '8', '18', '8271560', 'i', 'w', '8773633', '0', '2019-11-12', 'int'),
('1920', 'int', '8', '0', '8276752', 'a', '', '0', '', '2019-11-12', 'int'),
('1920', 'int', '8', '8', '8291877', 'i', 'z', '8314834', '1', '2019-11-12', 'int'),
('1920', 'int', '8', '12', '8305473', 'i', 'z', '6192098', '0', '2019-11-12', 'int'),
('1920', 'int', '8', '8', '8314834', 'i', 'w', '8291877', '0', '2019-11-12', 'int'),
('1920', 'int', '8', '0', '8335415', 'a', '', '0', '', '2019-11-12', 'int'),
('1920', 'int', '8', '0', '8363982', 'a', '', '0', '', '2019-11-12', 'int'),
('1920', 'int', '8', '5', '8372881', 'i', 'z', '7502143', '0', '2019-11-12', 'int'),
('1920', 'int', '8', '4', '8485059', 'i', 'w', '7399469', '1', '2019-11-12', 'int'),
('1920', 'int', '8', '0', '8580374', 'a', '', '0', '', '2019-11-12', 'int'),
('1920', 'int', '8', '16', '8580385', 'i', 'w', '8865549', '1', '2019-11-12', 'int'),
('1920', 'int', '8', '9', '8617367', 'i', 'z', '6212404', '0', '2019-11-12', 'int'),
('1920', 'int', '8', '0', '8750093', 'a', '', '0', '', '2019-11-12', 'int'),
('1920', 'int', '8', '18', '8773633', 'i', 'z', '8271560', '1', '2019-11-12', 'int'),
('1920', 'int', '8', '16', '8865549', 'i', 'z', '8580385', '0', '2019-11-12', 'int'),
('1920', 'int', '9', '13', '101', 'i', 'z', '8617367', '0', '2019-11-19', 'int'),
('1920', 'int', '9', '14', '103', 'i', 'w', '7582102', '0', '2019-11-19', 'int'),
('1920', 'int', '9', '0', '104', 'a', '', '0', '', '2019-11-19', 'int'),
('1920', 'int', '9', '18', '105', 'i', 'z', '8865549', '0', '2019-11-19', 'int'),
('1920', 'int', '9', '19', '6187885', 'i', 'w', '8271560', '1', '2019-11-19', 'int'),
('1920', 'int', '9', '0', '6192098', 'e', '', '0', '', '2019-11-19', 'int'),
('1920', 'int', '9', '8', '6212404', 'i', 'w', '7731812', '0', '2019-11-19', 'int'),
('1920', 'int', '9', '10', '6214153', 'i', 'w', '7210137', '0', '2019-11-19', 'int'),
('1920', 'int', '9', '3', '6225934', 'i', 'w', '7282033', '1', '2019-11-19', 'int'),
('1920', 'int', '9', '5', '6572511', 'i', 'w', '8485059', '1', '2019-11-19', 'int'),
('1920', 'int', '9', '0', '6661721', 'a', '', '0', '', '2019-11-19', 'int'),
('1920', 'int', '9', '0', '6930957', 'a', '', '0', '', '2019-11-19', 'int'),
('1920', 'int', '9', '6', '6951362', 'i', 'z', '7824674', '½', '2019-11-19', 'int'),
('1920', 'int', '9', '2', '7099950', 'i', 'z', '7758014', '1', '2019-11-19', 'int'),
('1920', 'int', '9', '4', '7129991', 'i', 'z', '7502143', '0', '2019-11-19', 'int'),
('1920', 'int', '9', '10', '7210137', 'i', 'z', '6214153', '1', '2019-11-19', 'int'),
('1920', 'int', '9', '0', '7227264', 'a', '', '0', '', '2019-11-19', 'int'),
('1920', 'int', '9', '0', '7269834', 'a', '', '0', '', '2019-11-19', 'int'),
('1920', 'int', '9', '9', '7269900', 'i', 'z', '7399469', '½', '2019-11-19', 'int'),
('1920', 'int', '9', '3', '7282033', 'i', 'z', '6225934', '0', '2019-11-19', 'int'),
('1920', 'int', '9', '12', '7292043', 'i', 'z', '7321534', '1', '2019-11-19', 'int'),
('1920', 'int', '9', '12', '7321534', 'i', 'w', '7292043', '0', '2019-11-19', 'int'),
('1920', 'int', '9', '9', '7399469', 'i', 'w', '7269900', '½', '2019-11-19', 'int'),
('1920', 'int', '9', '11', '7419621', 'i', 'w', '8314834', '1', '2019-11-19', 'int'),
('1920', 'int', '9', '0', '7428960', 'a', '', '0', '', '2019-11-19', 'int'),
('1920', 'int', '9', '4', '7502143', 'i', 'w', '7129991', '1', '2019-11-19', 'int'),
('1920', 'int', '9', '0', '7518203', 'e', '', '0', '', '2019-11-19', 'int'),
('1920', 'int', '9', '1', '7529522', 'i', 'z', '8096242', '0', '2019-11-19', 'int'),
('1920', 'int', '9', '0', '7535385', 'a', '', '0', '', '2019-11-19', 'int'),
('1920', 'int', '9', '7', '7535396', 'i', 'z', '8112654', '0', '2019-11-19', 'int'),
('1920', 'int', '9', '0', '7544438', 'a', '', '0', '', '2019-11-19', 'int'),
('1920', 'int', '9', '0', '7546242', 'o', '', '0', '', '2019-11-19', 'int'),
('1920', 'int', '9', '16', '7566031', 'i', 'w', '8580385', '½', '2019-11-19', 'int'),
('1920', 'int', '9', '17', '7579154', 'i', 'z', '8773633', '0', '2019-11-19', 'int'),
('1920', 'int', '9', '14', '7582102', 'i', 'z', '103', '1', '2019-11-19', 'int'),
('1920', 'int', '9', '0', '7640798', 'a', '', '0', '', '2019-11-19', 'int'),
('1920', 'int', '9', '0', '7649213', 'a', '', '0', '', '2019-11-19', 'int'),
('1920', 'int', '9', '0', '7665834', 'a', '', '0', '', '2019-11-19', 'int'),
('1920', 'int', '9', '0', '7691728', 'e', '', '0', '', '2019-11-19', 'int'),
('1920', 'int', '9', '0', '7699010', 'a', '', '0', '', '2019-11-19', 'int'),
('1920', 'int', '9', '0', '7701122', 'a', '', '0', '', '2019-11-19', 'int'),
('1920', 'int', '9', '0', '7707832', 'a', '', '0', '', '2019-11-19', 'int'),
('1920', 'int', '9', '8', '7731812', 'i', 'z', '6212404', '1', '2019-11-19', 'int'),
('1920', 'int', '9', '2', '7758014', 'i', 'w', '7099950', '0', '2019-11-19', 'int'),
('1920', 'int', '9', '6', '7824674', 'i', 'w', '6951362', '½', '2019-11-19', 'int'),
('1920', 'int', '9', '0', '7970094', 'a', '', '0', '', '2019-11-19', 'int'),
('1920', 'int', '9', '0', '8073978', 'e', '', '0', '', '2019-11-19', 'int'),
('1920', 'int', '9', '1', '8096242', 'i', 'w', '7529522', '1', '2019-11-19', 'int'),
('1920', 'int', '9', '7', '8112654', 'i', 'w', '7535396', '1', '2019-11-19', 'int'),
('1920', 'int', '9', '0', '8182416', 'e', '', '0', '', '2019-11-19', 'int'),
('1920', 'int', '9', '15', '8224502', 'i', 'w', '8305473', '½', '2019-11-19', 'int'),
('1920', 'int', '9', '0', '8243312', 'e', '', '0', '', '2019-11-19', 'int'),
('1920', 'int', '9', '19', '8271560', 'i', 'z', '6187885', '0', '2019-11-19', 'int'),
('1920', 'int', '9', '0', '8276752', 'a', '', '0', '', '2019-11-19', 'int'),
('1920', 'int', '9', '0', '8291877', 'a', '', '0', '', '2019-11-19', 'int'),
('1920', 'int', '9', '15', '8305473', 'i', 'z', '8224502', '½', '2019-11-19', 'int'),
('1920', 'int', '9', '11', '8314834', 'i', 'z', '7419621', '0', '2019-11-19', 'int'),
('1920', 'int', '9', '0', '8335415', 'a', '', '0', '', '2019-11-19', 'int'),
('1920', 'int', '9', '0', '8363982', 'a', '', '0', '', '2019-11-19', 'int'),
('1920', 'int', '9', '0', '8372881', 'a', '', '0', '', '2019-11-19', 'int'),
('1920', 'int', '9', '5', '8485059', 'i', 'z', '6572511', '0', '2019-11-19', 'int'),
('1920', 'int', '9', '0', '8580374', 'a', '', '0', '', '2019-11-19', 'int'),
('1920', 'int', '9', '16', '8580385', 'i', 'z', '7566031', '½', '2019-11-19', 'int'),
('1920', 'int', '9', '13', '8617367', 'i', 'w', '101', '1', '2019-11-19', 'int'),
('1920', 'int', '9', '0', '8750093', 'a', '', '0', '', '2019-11-19', 'int'),
('1920', 'int', '9', '17', '8773633', 'i', 'w', '7579154', '1', '2019-11-19', 'int'),
('1920', 'int', '9', '18', '8865549', 'i', 'w', '105', '1', '2019-11-19', 'int'),
('1920', 'int', '10', '17', '101', 'i', 'z', '8305473', '0', '2019-11-26', 'int'),
('1920', 'int', '10', '21', '103', 'i', 'z', '8271560', '0', '2019-11-26', 'int'),
('1920', 'int', '10', '0', '104', 'a', '', '0', '', '2019-11-26', 'int'),
('1920', 'int', '10', '0', '105', 'a', '', '0', '', '2019-11-26', 'int'),
('1920', 'int', '10', '22', '6187885', 'i', 'z', '7579154', '0', '2019-11-26', 'int'),
('1920', 'int', '10', '13', '6192098', 'i', 'z', '8617367', '½', '2019-11-26', 'int'),
('1920', 'int', '10', '10', '6212404', 'i', 'z', '8182416', '0', '2019-11-26', 'int'),
('1920', 'int', '10', '14', '6214153', 'i', 'z', '7518203', '1', '2019-11-26', 'int'),
('1920', 'int', '10', '4', '6225934', 'i', 'z', '6951362', '½', '2019-11-26', 'int'),
('1920', 'int', '10', '2', '6572511', 'i', 'w', '8096242', '0', '2019-11-26', 'int'),
('1920', 'int', '10', '20', '6661721', 'i', 'w', '8865549', '1', '2019-11-26', 'int'),
('1920', 'int', '10', '0', '6930957', 'a', '', '0', '', '2019-11-26', 'int'),
('1920', 'int', '10', '4', '6951362', 'i', 'w', '6225934', '½', '2019-11-26', 'int'),
('1920', 'int', '10', '0', '7099950', 'a', '', '0', '', '2019-11-26', 'int'),
('1920', 'int', '10', '0', '7129991', 'a', '', '0', '', '2019-11-26', 'int'),
('1920', 'int', '10', '5', '7210137', 'i', 'w', '8485059', '½', '2019-11-26', 'int'),
('1920', 'int', '10', '0', '7227264', 'a', '', '0', '', '2019-11-26', 'int'),
('1920', 'int', '10', '15', '7269834', 'i', 'w', '7321534', '0', '2019-11-26', 'int'),
('1920', 'int', '10', '7', '7269900', 'i', 'w', '7707832', '1', '2019-11-26', 'int'),
('1920', 'int', '10', '3', '7282033', 'i', 'z', '8112654', '½', '2019-11-26', 'int'),
('1920', 'int', '10', '8', '7292043', 'i', 'z', '8291877', '1', '2019-11-26', 'int'),
('1920', 'int', '10', '15', '7321534', 'i', 'z', '7269834', '1', '2019-11-26', 'int'),
('1920', 'int', '10', '6', '7399469', 'i', 'z', '7665834', '0', '2019-11-26', 'int'),
('1920', 'int', '10', '9', '7419621', 'i', 'z', '7546242', '1', '2019-11-26', 'int'),
('1920', 'int', '10', '0', '7428960', 'a', '', '0', '', '2019-11-26', 'int'),
('1920', 'int', '10', '0', '7502143', 'a', '', '0', '', '2019-11-26', 'int'),
('1920', 'int', '10', '14', '7518203', 'i', 'w', '6214153', '0', '2019-11-26', 'int'),
('1920', 'int', '10', '0', '7529522', 'a', '', '0', '', '2019-11-26', 'int'),
('1920', 'int', '10', '0', '7535385', 'a', '', '0', '', '2019-11-26', 'int'),
('1920', 'int', '10', '0', '7535396', 'a', '', '0', '', '2019-11-26', 'int'),
('1920', 'int', '10', '1', '7544438', 'i', 'z', '7699010', '½', '2019-11-26', 'int'),
('1920', 'int', '10', '9', '7546242', 'i', 'w', '7419621', '0', '2019-11-26', 'int'),
('1920', 'int', '10', '19', '7566031', 'i', 'z', '8335415', '½', '2019-11-26', 'int'),
('1920', 'int', '10', '22', '7579154', 'i', 'w', '6187885', '1', '2019-11-26', 'int'),
('1920', 'int', '10', '0', '7582102', 'a', '', '0', '', '2019-11-26', 'int'),
('1920', 'int', '10', '0', '7640798', 'a', '', '0', '', '2019-11-26', 'int'),
('1920', 'int', '10', '12', '7649213', 'i', 'w', '7691728', '1', '2019-11-26', 'int'),
('1920', 'int', '10', '6', '7665834', 'i', 'w', '7399469', '1', '2019-11-26', 'int'),
('1920', 'int', '10', '12', '7691728', 'i', 'z', '7649213', '0', '2019-11-26', 'int'),
('1920', 'int', '10', '1', '7699010', 'i', 'w', '7544438', '½', '2019-11-26', 'int'),
('1920', 'int', '10', '0', '7701122', 'a', '', '0', '', '2019-11-26', 'int'),
('1920', 'int', '10', '7', '7707832', 'i', 'z', '7269900', '0', '2019-11-26', 'int'),
('1920', 'int', '10', '0', '7731812', 'a', '', '0', '', '2019-11-26', 'int'),
('1920', 'int', '10', '0', '7758014', 'a', '', '0', '', '2019-11-26', 'int'),
('1920', 'int', '10', '0', '7824674', 'a', '', '0', '', '2019-11-26', 'int'),
('1920', 'int', '10', '0', '7970094', 'a', '', '0', '', '2019-11-26', 'int'),
('1920', 'int', '10', '0', '8073978', 'a', '', '0', '', '2019-11-26', 'int'),
('1920', 'int', '10', '2', '8096242', 'i', 'z', '6572511', '1', '2019-11-26', 'int'),
('1920', 'int', '10', '3', '8112654', 'i', 'w', '7282033', '½', '2019-11-26', 'int'),
('1920', 'int', '10', '10', '8182416', 'i', 'w', '6212404', '1', '2019-11-26', 'int'),
('1920', 'int', '10', '16', '8224502', 'i', 'z', '8243312', '1', '2019-11-26', 'int'),
('1920', 'int', '10', '16', '8243312', 'i', 'w', '8224502', '0', '2019-11-26', 'int'),
('1920', 'int', '10', '21', '8271560', 'i', 'w', '103', '1', '2019-11-26', 'int'),
('1920', 'int', '10', '11', '8276752', 'i', 'w', '8372881', '0', '2019-11-26', 'int'),
('1920', 'int', '10', '8', '8291877', 'i', 'w', '7292043', '0', '2019-11-26', 'int'),
('1920', 'int', '10', '17', '8305473', 'i', 'w', '101', '1', '2019-11-26', 'int'),
('1920', 'int', '10', '0', '8314834', 'a', '', '0', '', '2019-11-26', 'int'),
('1920', 'int', '10', '19', '8335415', 'i', 'w', '7566031', '½', '2019-11-26', 'int'),
('1920', 'int', '10', '0', '8363982', 'a', '', '0', '', '2019-11-26', 'int'),
('1920', 'int', '10', '11', '8372881', 'i', 'z', '8276752', '1', '2019-11-26', 'int'),
('1920', 'int', '10', '5', '8485059', 'i', 'z', '7210137', '½', '2019-11-26', 'int'),
('1920', 'int', '10', '0', '8580374', 'a', '', '0', '', '2019-11-26', 'int'),
('1920', 'int', '10', '18', '8580385', 'i', 'w', '8773633', '0', '2019-11-26', 'int'),
('1920', 'int', '10', '13', '8617367', 'i', 'w', '6192098', '½', '2019-11-26', 'int'),
('1920', 'int', '10', '0', '8750093', 'a', '', '0', '', '2019-11-26', 'int'),
('1920', 'int', '10', '18', '8773633', 'i', 'z', '8580385', '1', '2019-11-26', 'int'),
('1920', 'int', '10', '20', '8865549', 'i', 'z', '6661721', '0', '2019-11-26', 'int'),
('1920', 'int', '11', '16', '101', 'i', 'w', '8335415', '½', '2019-12-03', 'int'),
('1920', 'int', '11', '19', '103', 'i', 'z', '8865549', '1', '2019-12-03', 'int'),
('1920', 'int', '11', '0', '104', 'a', '', '0', '', '2019-12-03', 'int'),
('1920', 'int', '11', '21', '105', 'i', 'w', '6187885', '0', '2019-12-03', 'int'),
('1920', 'int', '11', '21', '6187885', 'i', 'z', '105', '1', '2019-12-03', 'int'),
('1920', 'int', '11', '11', '6192098', 'i', 'w', '7321534', '0', '2019-12-03', 'int'),
('1920', 'int', '11', '0', '6212404', 'a', '', '0', '', '2019-12-03', 'int'),
('1920', 'int', '11', '10', '6214153', 'i', 'z', '7544438', '0', '2019-12-03', 'int'),
('1920', 'int', '11', '3', '6225934', 'i', 'w', '7502143', '1', '2019-12-03', 'int'),
('1920', 'int', '11', '0', '6572511', 'a', '', '0', '', '2019-12-03', 'int'),
('1920', 'int', '11', '20', '6661721', 'i', 'z', '8323029', '½', '2019-12-03', 'int'),
('1920', 'int', '11', '0', '6930957', 'a', '', '0', '', '2019-12-03', 'int'),
('1920', 'int', '11', '0', '6951362', 'a', '', '0', '', '2019-12-03', 'int'),
('1920', 'int', '11', '2', '7099950', 'i', 'z', '8096242', '½', '2019-12-03', 'int'),
('1920', 'int', '11', '0', '7129991', 'a', '', '0', '', '2019-12-03', 'int'),
('1920', 'int', '11', '0', '7210137', 'e', '', '0', '', '2019-12-03', 'int'),
('1920', 'int', '11', '0', '7227264', 'e', '', '0', '', '2019-12-03', 'int'),
('1920', 'int', '11', '0', '7269834', 'e', '', '0', '', '2019-12-03', 'int'),
('1920', 'int', '11', '0', '7269900', 'a', '', '0', '', '2019-12-03', 'int'),
('1920', 'int', '11', '0', '7282033', 'e', '', '0', '', '2019-12-03', 'int'),
('1920', 'int', '11', '8', '7292043', 'i', 'w', '7419621', '½', '2019-12-03', 'int'),
('1920', 'int', '11', '11', '7321534', 'i', 'z', '6192098', '1', '2019-12-03', 'int'),
('1920', 'int', '11', '0', '7399469', 'a', '', '0', '', '2019-12-03', 'int'),
('1920', 'int', '11', '8', '7419621', 'i', 'z', '7292043', '½', '2019-12-03', 'int'),
('1920', 'int', '11', '0', '7428960', 'e', '', '0', '', '2019-12-03', 'int'),
('1920', 'int', '11', '3', '7502143', 'i', 'z', '6225934', '0', '2019-12-03', 'int'),
('1920', 'int', '11', '0', '7518203', 'e', '', '0', '', '2019-12-03', 'int'),
('1920', 'int', '11', '4', '7529522', 'i', 'w', '8112654', '0', '2019-12-03', 'int'),
('1920', 'int', '11', '0', '7535385', 'a', '', '0', '', '2019-12-03', 'int'),
('1920', 'int', '11', '9', '7535396', 'i', 'z', '8372881', '1', '2019-12-03', 'int'),
('1920', 'int', '11', '10', '7544438', 'i', 'w', '6214153', '1', '2019-12-03', 'int'),
('1920', 'int', '11', '0', '7546242', 'a', '', '0', '', '2019-12-03', 'int'),
('1920', 'int', '11', '17', '7566031', 'i', 'w', '7579154', '½', '2019-12-03', 'int'),
('1920', 'int', '11', '17', '7579154', 'i', 'z', '7566031', '½', '2019-12-03', 'int'),
('1920', 'int', '11', '14', '7582102', 'i', 'w', '8314834', '0', '2019-12-03', 'int'),
('1920', 'int', '11', '7', '7640798', 'i', 'w', '8182416', '1', '2019-12-03', 'int'),
('1920', 'int', '11', '0', '7649213', 'a', '', '0', '', '2019-12-03', 'int'),
('1920', 'int', '11', '6', '7665834', 'i', 'z', '8485059', '½', '2019-12-03', 'int'),
('1920', 'int', '11', '12', '7691728', 'i', 'w', '8617367', '0', '2019-12-03', 'int'),
('1920', 'int', '11', '1', '7699010', 'i', 'z', '7824674', '½', '2019-12-03', 'int'),
('1920', 'int', '11', '0', '7701122', 'a', '', '0', '', '2019-12-03', 'int'),
('1920', 'int', '11', '0', '7707832', 'a', '', '0', '', '2019-12-03', 'int'),
('1920', 'int', '11', '5', '7731812', 'i', 'w', '7758014', '0', '2019-12-03', 'int'),
('1920', 'int', '11', '5', '7758014', 'i', 'z', '7731812', '1', '2019-12-03', 'int'),
('1920', 'int', '11', '1', '7824674', 'i', 'w', '7699010', '½', '2019-12-03', 'int'),
('1920', 'int', '11', '0', '7970094', 'e', '', '0', '', '2019-12-03', 'int'),
('1920', 'int', '11', '15', '8073978', 'i', 'w', '8243312', '1', '2019-12-03', 'int'),
('1920', 'int', '11', '2', '8096242', 'i', 'w', '7099950', '½', '2019-12-03', 'int'),
('1920', 'int', '11', '4', '8112654', 'i', 'z', '7529522', '1', '2019-12-03', 'int'),
('1920', 'int', '11', '7', '8182416', 'i', 'z', '7640798', '0', '2019-12-03', 'int'),
('1920', 'int', '11', '18', '8193548', 'i', 'w', '8580385', '1', '2019-12-03', 'int'),
('1920', 'int', '11', '22', '8224502', 'i', 'z', '8271560', '0', '2019-12-03', 'int'),
('1920', 'int', '11', '15', '8243312', 'i', 'z', '8073978', '0', '2019-12-03', 'int'),
('1920', 'int', '11', '22', '8271560', 'i', 'w', '8224502', '1', '2019-12-03', 'int'),
('1920', 'int', '11', '0', '8276752', 'e', '', '0', '', '2019-12-03', 'int'),
('1920', 'int', '11', '0', '8291877', 'a', '', '0', '', '2019-12-03', 'int'),
('1920', 'int', '11', '13', '8305473', 'i', 'z', '8773633', '½', '2019-12-03', 'int'),
('1920', 'int', '11', '14', '8314834', 'i', 'z', '7582102', '1', '2019-12-03', 'int'),
('1920', 'int', '11', '20', '8323029', 'i', 'w', '6661721', '½', '2019-12-03', 'int'),
('1920', 'int', '11', '16', '8335415', 'i', 'z', '101', '½', '2019-12-03', 'int'),
('1920', 'int', '11', '0', '8363982', 'a', '', '0', '', '2019-12-03', 'int'),
('1920', 'int', '11', '9', '8372881', 'i', 'w', '7535396', '0', '2019-12-03', 'int'),
('1920', 'int', '11', '6', '8485059', 'i', 'w', '7665834', '½', '2019-12-03', 'int'),
('1920', 'int', '11', '0', '8580374', 'a', '', '0', '', '2019-12-03', 'int'),
('1920', 'int', '11', '18', '8580385', 'i', 'z', '8193548', '0', '2019-12-03', 'int'),
('1920', 'int', '11', '12', '8617367', 'i', 'z', '7691728', '1', '2019-12-03', 'int'),
('1920', 'int', '11', '0', '8750093', 'e', '', '0', '', '2019-12-03', 'int'),
('1920', 'int', '11', '13', '8773633', 'i', 'w', '8305473', '½', '2019-12-03', 'int'),
('1920', 'int', '11', '19', '8865549', 'i', 'w', '103', '0', '2019-12-03', 'int'),
('1920', 'int', '12', '16', '101', 'i', 'z', '103', '1', '2019-12-10', 'int'),
('1920', 'int', '12', '16', '103', 'i', 'w', '101', '0', '2019-12-10', 'int'),
('1920', 'int', '12', '0', '104', 'a', '', '0', '', '2019-12-10', 'int'),
('1920', 'int', '12', '0', '105', 'a', '', '0', '', '2019-12-10', 'int'),
('1920', 'int', '12', '17', '6187885', 'i', 'w', '7566031', '½', '2019-12-10', 'int'),
('1920', 'int', '12', '12', '6192098', 'i', 'w', '7518203', '½', '2019-12-10', 'int'),
('1920', 'int', '12', '11', '6212404', 'i', 'z', '8276752', '1', '2019-12-10', 'int'),
('1920', 'int', '12', '10', '6214153', 'i', 'w', '8750093', '1', '2019-12-10', 'int'),
('1920', 'int', '12', '3', '6225934', 'i', 'w', '6572511', '0', '2019-12-10', 'int'),
('1920', 'int', '12', '3', '6572511', 'i', 'z', '6225934', '1', '2019-12-10', 'int'),
('1920', 'int', '12', '0', '6661721', 'a', '', '0', '', '2019-12-10', 'int'),
('1920', 'int', '12', '0', '6930957', 'a', '', '0', '', '2019-12-10', 'int'),
('1920', 'int', '12', '5', '6951362', 'i', 'z', '8485059', '1', '2019-12-10', 'int'),
('1920', 'int', '12', '2', '7099950', 'i', 'w', '7502143', '1', '2019-12-10', 'int'),
('1920', 'int', '12', '0', '7129991', 'a', '', '0', '', '2019-12-10', 'int'),
('1920', 'int', '12', '0', '7210137', 'a', '', '0', '', '2019-12-10', 'int'),
('1920', 'int', '12', '0', '7227264', 'a', '', '0', '', '2019-12-10', 'int'),
('1920', 'int', '12', '13', '7269834', 'i', 'w', '8305473', '1', '2019-12-10', 'int'),
('1920', 'int', '12', '7', '7269900', 'i', 'w', '7731812', '1', '2019-12-10', 'int'),
('1920', 'int', '12', '4', '7282033', 'i', 'w', '7529522', '0', '2019-12-10', 'int'),
('1920', 'int', '12', '6', '7292043', 'i', 'z', '7535396', '½', '2019-12-10', 'int'),
('1920', 'int', '12', '0', '7321534', 'a', '', '0', '', '2019-12-10', 'int'),
('1920', 'int', '12', '0', '7399469', 'a', '', '0', '', '2019-12-10', 'int'),
('1920', 'int', '12', '8', '7419621', 'i', 'w', '8372881', '0', '2019-12-10', 'int'),
('1920', 'int', '12', '0', '7428960', 'a', '', '0', '', '2019-12-10', 'int'),
('1920', 'int', '12', '2', '7502143', 'i', 'z', '7099950', '0', '2019-12-10', 'int'),
('1920', 'int', '12', '12', '7518203', 'i', 'z', '6192098', '½', '2019-12-10', 'int'),
('1920', 'int', '12', '4', '7529522', 'i', 'z', '7282033', '1', '2019-12-10', 'int'),
('1920', 'int', '12', '0', '7535385', 'a', '', '0', '', '2019-12-10', 'int'),
('1920', 'int', '12', '6', '7535396', 'i', 'w', '7292043', '½', '2019-12-10', 'int'),
('1920', 'int', '12', '0', '7544438', 'a', '', '0', '', '2019-12-10', 'int'),
('1920', 'int', '12', '0', '7546242', 'e', '', '0', '', '2019-12-10', 'int'),
('1920', 'int', '12', '17', '7566031', 'i', 'z', '6187885', '½', '2019-12-10', 'int'),
('1920', 'int', '12', '0', '7579154', 'e', '', '0', '', '2019-12-10', 'int'),
('1920', 'int', '12', '0', '7582102', 'a', '', '0', '', '2019-12-10', 'int'),
('1920', 'int', '12', '0', '7640798', 'a', '', '0', '', '2019-12-10', 'int'),
('1920', 'int', '12', '0', '7649213', 'a', '', '0', '', '2019-12-10', 'int'),
('1920', 'int', '12', '0', '7665834', 'a', '', '0', '', '2019-12-10', 'int'),
('1920', 'int', '12', '15', '7691728', 'i', 'z', '8224502', '1', '2019-12-10', 'int'),
('1920', 'int', '12', '0', '7699010', 'a', '', '0', '', '2019-12-10', 'int'),
('1920', 'int', '12', '0', '7701122', 'a', '', '0', '', '2019-12-10', 'int'),
('1920', 'int', '12', '0', '7707832', 'a', '', '0', '', '2019-12-10', 'int'),
('1920', 'int', '12', '7', '7731812', 'i', 'z', '7269900', '0', '2019-12-10', 'int'),
('1920', 'int', '12', '0', '7758014', 'a', '', '0', '', '2019-12-10', 'int'),
('1920', 'int', '12', '0', '7824674', 'a', '', '0', '', '2019-12-10', 'int'),
('1920', 'int', '12', '0', '7970094', 'a', '', '0', '', '2019-12-10', 'int'),
('1920', 'int', '12', '14', '8073978', 'i', 'z', '8773633', '½', '2019-12-10', 'int'),
('1920', 'int', '12', '1', '8096242', 'i', 'w', '8112654', '1', '2019-12-10', 'int'),
('1920', 'int', '12', '1', '8112654', 'i', 'z', '8096242', '0', '2019-12-10', 'int'),
('1920', 'int', '12', '9', '8182416', 'i', 'w', '8617367', '0', '2019-12-10', 'int'),
('1920', 'int', '12', '0', '8193548', 'a', '', '0', '', '2019-12-10', 'int'),
('1920', 'int', '12', '15', '8224502', 'i', 'w', '7691728', '0', '2019-12-10', 'int'),
('1920', 'int', '12', '0', '8243312', 'a', '', '0', '', '2019-12-10', 'int'),
('1920', 'int', '12', '0', '8271560', 'o', '', '0', '', '2019-12-10', 'int'),
('1920', 'int', '12', '11', '8276752', 'i', 'w', '6212404', '0', '2019-12-10', 'int'),
('1920', 'int', '12', '0', '8291877', 'a', '', '0', '', '2019-12-10', 'int'),
('1920', 'int', '12', '13', '8305473', 'i', 'z', '7269834', '0', '2019-12-10', 'int'),
('1920', 'int', '12', '0', '8314834', 'a', '', '0', '', '2019-12-10', 'int'),
('1920', 'int', '12', '0', '8323029', 'a', '', '0', '', '2019-12-10', 'int'),
('1920', 'int', '12', '0', '8335415', 'a', '', '0', '', '2019-12-10', 'int'),
('1920', 'int', '12', '0', '8363982', 'a', '', '0', '', '2019-12-10', 'int'),
('1920', 'int', '12', '8', '8372881', 'i', 'z', '7419621', '1', '2019-12-10', 'int'),
('1920', 'int', '12', '5', '8485059', 'i', 'w', '6951362', '0', '2019-12-10', 'int'),
('1920', 'int', '12', '0', '8580374', 'a', '', '0', '', '2019-12-10', 'int'),
('1920', 'int', '12', '0', '8580385', 'e', '', '0', '', '2019-12-10', 'int'),
('1920', 'int', '12', '9', '8617367', 'i', 'z', '8182416', '1', '2019-12-10', 'int'),
('1920', 'int', '12', '10', '8750093', 'i', 'z', '6214153', '0', '2019-12-10', 'int'),
('1920', 'int', '12', '14', '8773633', 'i', 'w', '8073978', '½', '2019-12-10', 'int'),
('1920', 'int', '12', '0', '8865549', 'a', '', '0', '', '2019-12-10', 'int'),
('1920', 'int', '13', '20', '101', 'i', 'w', '8224502', '1', '2020-01-07', 'int'),
('1920', 'int', '13', '25', '103', 'i', 'z', '6187885', '0', '2020-01-07', 'int'),
('1920', 'int', '13', '0', '104', 'a', '', '0', '', '2020-01-07', 'int'),
('1920', 'int', '13', '26', '105', 'i', 'w', '8323029', '0', '2020-01-07', 'int'),
('1920', 'int', '13', '21', '106', 'i', 'z', '8335415', '1', '2020-01-07', 'int'),
('1920', 'int', '13', '25', '6187885', 'i', 'w', '103', '1', '2020-01-07', 'int'),
('1920', 'int', '13', '17', '6192098', 'i', 'z', '8073978', '1', '2020-01-07', 'int'),
('1920', 'int', '13', '12', '6212404', 'i', 'w', '7544438', '1', '2020-01-07', 'int'),
('1920', 'int', '13', '11', '6214153', 'i', 'z', '8182416', '0', '2020-01-07', 'int'),
('1920', 'int', '13', '4', '6225934', 'i', 'z', '8112654', '½', '2020-01-07', 'int'),
('1920', 'int', '13', '5', '6572511', 'i', 'z', '7529522', '0', '2020-01-07', 'int'),
('1920', 'int', '13', '0', '6661721', 'a', '', '0', '', '2020-01-07', 'int'),
('1920', 'int', '13', '16', '6930957', 'i', 'z', '7699010', '1', '2020-01-07', 'int'),
('1920', 'int', '13', '0', '6951362', 'a', '', '0', '', '2020-01-07', 'int'),
('1920', 'int', '13', '3', '7099950', 'i', 'z', '7282033', '1', '2020-01-07', 'int'),
('1920', 'int', '13', '0', '7129991', 'a', '', '0', '', '2020-01-07', 'int'),
('1920', 'int', '13', '8', '7210137', 'i', 'w', '7824674', '1', '2020-01-07', 'int'),
('1920', 'int', '13', '15', '7227264', 'i', 'w', '7269834', '1', '2020-01-07', 'int'),
('1920', 'int', '13', '15', '7269834', 'i', 'z', '7227264', '0', '2020-01-07', 'int'),
('1920', 'int', '13', '0', '7269900', 'a', '', '0', '', '2020-01-07', 'int'),
('1920', 'int', '13', '3', '7282033', 'i', 'w', '7099950', '0', '2020-01-07', 'int'),
('1920', 'int', '13', '6', '7292043', 'i', 'z', '7502143', '1', '2020-01-07', 'int'),
('1920', 'int', '13', '9', '7321534', 'i', 'w', '8485059', '½', '2020-01-07', 'int'),
('1920', 'int', '13', '13', '7399469', 'i', 'z', '7649213', '½', '2020-01-07', 'int'),
('1920', 'int', '13', '0', '7419621', 'a', '', '0', '', '2020-01-07', 'int'),
('1920', 'int', '13', '0', '7428960', 'a', '', '0', '', '2020-01-07', 'int'),
('1920', 'int', '13', '6', '7502143', 'i', 'w', '7292043', '0', '2020-01-07', 'int'),
('1920', 'int', '13', '0', '7518203', 'a', '', '0', '', '2020-01-07', 'int'),
('1920', 'int', '13', '5', '7529522', 'i', 'w', '6572511', '1', '2020-01-07', 'int'),
('1920', 'int', '13', '0', '7535385', 'a', '', '0', '', '2020-01-07', 'int'),
('1920', 'int', '13', '7', '7535396', 'i', 'w', '7665834', '½', '2020-01-07', 'int'),
('1920', 'int', '13', '12', '7544438', 'i', 'z', '6212404', '0', '2020-01-07', 'int'),
('1920', 'int', '13', '0', '7546242', 'a', '', '0', '', '2020-01-07', 'int'),
('1920', 'int', '13', '22', '7566031', 'i', 'w', '8193548', '0', '2020-01-07', 'int'),
('1920', 'int', '13', '24', '7579154', 'i', 'w', '8865549', '½', '2020-01-07', 'int'),
('1920', 'int', '13', '0', '7582102', 'a', '', '0', '', '2020-01-07', 'int'),
('1920', 'int', '13', '0', '7640798', 'a', '', '0', '', '2020-01-07', 'int'),
('1920', 'int', '13', '13', '7649213', 'i', 'w', '7399469', '½', '2020-01-07', 'int'),
('1920', 'int', '13', '7', '7665834', 'i', 'z', '7535396', '½', '2020-01-07', 'int'),
('1920', 'int', '13', '14', '7691728', 'i', 'w', '8291877', '0', '2020-01-07', 'int'),
('1920', 'int', '13', '16', '7699010', 'i', 'w', '6930957', '0', '2020-01-07', 'int'),
('1920', 'int', '13', '0', '7701122', 'a', '', '0', '', '2020-01-07', 'int'),
('1920', 'int', '13', '0', '7707832', 'a', '', '0', '', '2020-01-07', 'int'),
('1920', 'int', '13', '10', '7731812', 'i', 'z', '8617367', '1', '2020-01-07', 'int'),
('1920', 'int', '13', '2', '7758014', 'i', 'w', '8096242', '½', '2020-01-07', 'int'),
('1920', 'int', '13', '8', '7824674', 'i', 'z', '7210137', '0', '2020-01-07', 'int'),
('1920', 'int', '13', '0', '7970094', 'a', '', '0', '', '2020-01-07', 'int'),
('1920', 'int', '13', '17', '8073978', 'i', 'w', '6192098', '0', '2020-01-07', 'int'),
('1920', 'int', '13', '2', '8096242', 'i', 'z', '7758014', '½', '2020-01-07', 'int'),
('1920', 'int', '13', '4', '8112654', 'i', 'w', '6225934', '½', '2020-01-07', 'int'),
('1920', 'int', '13', '11', '8182416', 'i', 'w', '6214153', '1', '2020-01-07', 'int'),
('1920', 'int', '13', '22', '8193548', 'i', 'z', '7566031', '1', '2020-01-07', 'int'),
('1920', 'int', '13', '20', '8224502', 'i', 'z', '101', '0', '2020-01-07', 'int'),
('1920', 'int', '13', '23', '8243312', 'i', 'z', '8580385', '½', '2020-01-07', 'int'),
('1920', 'int', '13', '19', '8271560', 'i', 'z', '8305473', '0', '2020-01-07', 'int'),
('1920', 'int', '13', '0', '8276752', 'a', '', '0', '', '2020-01-07', 'int'),
('1920', 'int', '13', '14', '8291877', 'i', 'z', '7691728', '1', '2020-01-07', 'int'),
('1920', 'int', '13', '19', '8305473', 'i', 'w', '8271560', '1', '2020-01-07', 'int'),
('1920', 'int', '13', '18', '8314834', 'i', 'w', '8773633', '1', '2020-01-07', 'int'),
('1920', 'int', '13', '26', '8323029', 'i', 'z', '105', '1', '2020-01-07', 'int'),
('1920', 'int', '13', '21', '8335415', 'i', 'w', '106', '0', '2020-01-07', 'int'),
('1920', 'int', '13', '0', '8363982', 'a', '', '0', '', '2020-01-07', 'int'),
('1920', 'int', '13', '1', '8372881', 'i', 'z', '8750093', '1', '2020-01-07', 'int'),
('1920', 'int', '13', '9', '8485059', 'i', 'z', '7321534', '½', '2020-01-07', 'int'),
('1920', 'int', '13', '0', '8580374', 'a', '', '0', '', '2020-01-07', 'int'),
('1920', 'int', '13', '23', '8580385', 'i', 'w', '8243312', '½', '2020-01-07', 'int'),
('1920', 'int', '13', '10', '8617367', 'i', 'w', '7731812', '0', '2020-01-07', 'int'),
('1920', 'int', '13', '1', '8750093', 'i', 'w', '8372881', '0', '2020-01-07', 'int'),
('1920', 'int', '13', '18', '8773633', 'i', 'z', '8314834', '0', '2020-01-07', 'int'),
('1920', 'int', '13', '24', '8865549', 'i', 'z', '7579154', '½', '2020-01-07', 'int'),
('1920', 'int', '14', '15', '101', 'i', 'z', '7518203', '1', '2020-01-14', 'int'),
('1920', 'int', '14', '0', '103', 'o', '', '0', '', '2020-01-14', 'int'),
('1920', 'int', '14', '0', '104', 'a', '', '0', '', '2020-01-14', 'int'),
('1920', 'int', '14', '0', '105', 'a', '', '0', '', '2020-01-14', 'int'),
('1920', 'int', '14', '16', '106', 'i', 'w', '8773633', '1', '2020-01-14', 'int'),
('1920', 'int', '14', '17', '6187885', 'i', 'z', '8193548', '0', '2020-01-14', 'int'),
('1920', 'int', '14', '11', '6192098', 'i', 'z', '6214153', '0', '2020-01-14', 'int'),
('1920', 'int', '14', '7', '6212404', 'i', 'w', '7502143', '0', '2020-01-14', 'int'),
('1920', 'int', '14', '11', '6214153', 'i', 'w', '6192098', '1', '2020-01-14', 'int'),
('1920', 'int', '14', '1', '6225934', 'i', 'z', '8096242', '0', '2020-01-14', 'int'),
('1920', 'int', '14', '3', '6572511', 'i', 'w', '7758014', '1', '2020-01-14', 'int'),
('1920', 'int', '14', '20', '6661721', 'i', 'w', '8580385', '½', '2020-01-14', 'int'),
('1920', 'int', '14', '0', '6930957', 'a', '', '0', '', '2020-01-14', 'int'),
('1920', 'int', '14', '0', '6951362', 'a', '', '0', '', '2020-01-14', 'int'),
('1920', 'int', '14', '2', '7099950', 'i', 'z', '7292043', '1', '2020-01-14', 'int'),
('1920', 'int', '14', '4', '7129991', 'i', 'w', '7282033', '0', '2020-01-14', 'int'),
('1920', 'int', '14', '5', '7210137', 'i', 'z', '8372881', '½', '2020-01-14', 'int'),
('1920', 'int', '14', '0', '7227264', 'a', '', '0', '', '2020-01-14', 'int'),
('1920', 'int', '14', '0', '7269834', 'a', '', '0', '', '2020-01-14', 'int'),
('1920', 'int', '14', '0', '7269900', 'a', '', '0', '', '2020-01-14', 'int'),
('1920', 'int', '14', '4', '7282033', 'i', 'z', '7129991', '1', '2020-01-14', 'int'),
('1920', 'int', '14', '2', '7292043', 'i', 'w', '7099950', '0', '2020-01-14', 'int'),
('1920', 'int', '14', '9', '7321534', 'i', 'z', '7824674', '0', '2020-01-14', 'int'),
('1920', 'int', '14', '0', '7399469', 'a', '', '0', '', '2020-01-14', 'int'),
('1920', 'int', '14', '10', '7419621', 'i', 'w', '8617367', '1', '2020-01-14', 'int'),
('1920', 'int', '14', '0', '7428960', 'a', '', '0', '', '2020-01-14', 'int'),
('1920', 'int', '14', '7', '7502143', 'i', 'z', '6212404', '1', '2020-01-14', 'int'),
('1920', 'int', '14', '15', '7518203', 'i', 'w', '101', '0', '2020-01-14', 'int'),
('1920', 'int', '14', '0', '7529522', 'a', '', '0', '', '2020-01-14', 'int'),
('1920', 'int', '14', '0', '7535385', 'a', '', '0', '', '2020-01-14', 'int'),
('1920', 'int', '14', '6', '7535396', 'i', 'z', '7640798', '½', '2020-01-14', 'int'),
('1920', 'int', '14', '0', '7544438', 'a', '', '0', '', '2020-01-14', 'int'),
('1920', 'int', '14', '13', '7546242', 'i', 'z', '8750093', '0', '2020-01-14', 'int'),
('1920', 'int', '14', '0', '7566031', 'a', '', '0', '', '2020-01-14', 'int'),
('1920', 'int', '14', '18', '7579154', 'i', 'z', '8224502', '1', '2020-01-14', 'int'),
('1920', 'int', '14', '0', '7582102', 'a', '', '0', '', '2020-01-14', 'int'),
('1920', 'int', '14', '6', '7640798', 'i', 'w', '7535396', '½', '2020-01-14', 'int'),
('1920', 'int', '14', '0', '7649213', 'a', '', '0', '', '2020-01-14', 'int'),
('1920', 'int', '14', '0', '7665834', 'a', '', '0', '', '2020-01-14', 'int'),
('1920', 'int', '14', '12', '7691728', 'i', 'w', '8314834', '0', '2020-01-14', 'int'),
('1920', 'int', '14', '0', '7699010', 'a', '', '0', '', '2020-01-14', 'int'),
('1920', 'int', '14', '0', '7701122', 'a', '', '0', '', '2020-01-14', 'int'),
('1920', 'int', '14', '0', '7707832', 'a', '', '0', '', '2020-01-14', 'int'),
('1920', 'int', '14', '8', '7731812', 'i', 'w', '8182416', '1', '2020-01-14', 'int'),
('1920', 'int', '14', '3', '7758014', 'i', 'z', '6572511', '0', '2020-01-14', 'int'),
('1920', 'int', '14', '9', '7824674', 'i', 'w', '7321534', '1', '2020-01-14', 'int'),
('1920', 'int', '14', '0', '7970094', 'a', '', '0', '', '2020-01-14', 'int'),
('1920', 'int', '14', '0', '8073978', 'a', '', '0', '', '2020-01-14', 'int'),
('1920', 'int', '14', '1', '8096242', 'i', 'w', '6225934', '1', '2020-01-14', 'int'),
('1920', 'int', '14', '0', '8112654', 'a', '', '0', '', '2020-01-14', 'int'),
('1920', 'int', '14', '8', '8182416', 'i', 'z', '7731812', '0', '2020-01-14', 'int'),
('1920', 'int', '14', '17', '8193548', 'i', 'w', '6187885', '1', '2020-01-14', 'int'),
('1920', 'int', '14', '18', '8224502', 'i', 'w', '7579154', '0', '2020-01-14', 'int'),
('1920', 'int', '14', '0', '8243312', 'a', '', '0', '', '2020-01-14', 'int'),
('1920', 'int', '14', '19', '8271560', 'i', 'z', '8865549', '0', '2020-01-14', 'int'),
('1920', 'int', '14', '14', '8276752', 'i', 'z', '8305473', '1', '2020-01-14', 'int'),
('1920', 'int', '14', '0', '8291877', 'a', '', '0', '', '2020-01-14', 'int'),
('1920', 'int', '14', '14', '8305473', 'i', 'w', '8276752', '0', '2020-01-14', 'int'),
('1920', 'int', '14', '12', '8314834', 'i', 'z', '7691728', '1', '2020-01-14', 'int'),
('1920', 'int', '14', '0', '8323029', 'a', '', '0', '', '2020-01-14', 'int'),
('1920', 'int', '14', '0', '8335415', 'a', '', '0', '', '2020-01-14', 'int'),
('1920', 'int', '14', '0', '8363982', 'a', '', '0', '', '2020-01-14', 'int'),
('1920', 'int', '14', '5', '8372881', 'i', 'w', '7210137', '½', '2020-01-14', 'int'),
('1920', 'int', '14', '0', '8485059', 'a', '', '0', '', '2020-01-14', 'int'),
('1920', 'int', '14', '0', '8580374', 'a', '', '0', '', '2020-01-14', 'int'),
('1920', 'int', '14', '20', '8580385', 'i', 'z', '6661721', '½', '2020-01-14', 'int'),
('1920', 'int', '14', '10', '8617367', 'i', 'z', '7419621', '0', '2020-01-14', 'int'),
('1920', 'int', '14', '13', '8750093', 'i', 'w', '7546242', '1', '2020-01-14', 'int'),
('1920', 'int', '14', '16', '8773633', 'i', 'z', '106', '0', '2020-01-14', 'int'),
('1920', 'int', '14', '19', '8865549', 'i', 'w', '8271560', '1', '2020-01-14', 'int'),
('1920', 'int', '15', '9', '101', 'i', 'z', '6192098', '0', '2020-01-28', 'int'),
('1920', 'int', '15', '12', '103', 'i', 'w', '7579154', '0', '2020-01-28', 'int'),
('1920', 'int', '15', '0', '104', 'a', '', '0', '', '2020-01-28', 'int'),
('1920', 'int', '15', '0', '105', 'a', '', '0', '', '2020-01-28', 'int'),
('1920', 'int', '15', '10', '106', 'i', 'w', '7691728', '1', '2020-01-28', 'int'),
('1920', 'int', '15', '13', '6187885', 'i', 'z', '8773633', '0', '2020-01-28', 'int'),
('1920', 'int', '15', '9', '6192098', 'i', 'w', '101', '1', '2020-01-28', 'int'),
('1920', 'int', '15', '7', '6212404', 'i', 'z', '8314834', '1', '2020-01-28', 'int'),
('1920', 'int', '15', '0', '6214153', 'e', '', '0', '', '2020-01-28', 'int'),
('1920', 'int', '15', '0', '6225934', 'e', '', '0', '', '2020-01-28', 'int'),
('1920', 'int', '15', '2', '6572511', 'i', 'z', '8112654', '0', '2020-01-28', 'int'),
('1920', 'int', '15', '0', '6661721', 'a', '', '0', '', '2020-01-28', 'int'),
('1920', 'int', '15', '0', '6930957', 'a', '', '0', '', '2020-01-28', 'int'),
('1920', 'int', '15', '0', '6951362', 'a', '', '0', '', '2020-01-28', 'int'),
('1920', 'int', '15', '0', '7099950', 'e', '', '0', '', '2020-01-28', 'int'),
('1920', 'int', '15', '4', '7129991', 'i', 'z', '8372881', '1', '2020-01-28', 'int'),
('1920', 'int', '15', '0', '7210137', 'a', '', '0', '', '2020-01-28', 'int'),
('1920', 'int', '15', '0', '7227264', 'e', '', '0', '', '2020-01-28', 'int'),
('1920', 'int', '15', '0', '7269834', 'e', '', '0', '', '2020-01-28', 'int'),
('1920', 'int', '15', '0', '7269900', 'e', '', '0', '', '2020-01-28', 'int'),
('1920', 'int', '15', '0', '7282033', 'e', '', '0', '', '2020-01-28', 'int'),
('1920', 'int', '15', '0', '7292043', 'e', '', '0', '', '2020-01-28', 'int'),
('1920', 'int', '15', '0', '7321534', 'a', '', '0', '', '2020-01-28', 'int'),
('1920', 'int', '15', '0', '7399469', 'e', '', '0', '', '2020-01-28', 'int'),
('1920', 'int', '15', '6', '7419621', 'i', 'z', '7665834', '1', '2020-01-28', 'int'),
('1920', 'int', '15', '0', '7428960', 'e', '', '0', '', '2020-01-28', 'int'),
('1920', 'int', '15', '3', '7502143', 'i', 'w', '7640798', '1', '2020-01-28', 'int'),
('1920', 'int', '15', '0', '7518203', 'a', '', '0', '', '2020-01-28', 'int'),
('1920', 'int', '15', '0', '7529522', 'e', '', '0', '', '2020-01-28', 'int'),
('1920', 'int', '15', '0', '7535385', 'a', '', '0', '', '2020-01-28', 'int'),
('1920', 'int', '15', '5', '7535396', 'i', 'z', '8485059', '½', '2020-01-28', 'int'),
('1920', 'int', '15', '8', '7544438', 'i', 'z', '8182416', '1', '2020-01-28', 'int'),
('1920', 'int', '15', '0', '7546242', 'a', '', '0', '', '2020-01-28', 'int'),
('1920', 'int', '15', '0', '7566031', 'a', '', '0', '', '2020-01-28', 'int'),
('1920', 'int', '15', '12', '7579154', 'i', 'z', '103', '1', '2020-01-28', 'int'),
('1920', 'int', '15', '0', '7582102', 'a', '', '0', '', '2020-01-28', 'int'),
('1920', 'int', '15', '3', '7640798', 'i', 'z', '7502143', '0', '2020-01-28', 'int'),
('1920', 'int', '15', '0', '7649213', 'e', '', '0', '', '2020-01-28', 'int'),
('1920', 'int', '15', '6', '7665834', 'i', 'w', '7419621', '0', '2020-01-28', 'int'),
('1920', 'int', '15', '10', '7691728', 'i', 'z', '106', '0', '2020-01-28', 'int'),
('1920', 'int', '15', '0', '7699010', 'a', '', '0', '', '2020-01-28', 'int'),
('1920', 'int', '15', '15', '7701122', 'i', 'z', '8271560', '½', '2020-01-28', 'int'),
('1920', 'int', '15', '0', '7707832', 'e', '', '0', '', '2020-01-28', 'int'),
('1920', 'int', '15', '0', '7731812', 'e', '', '0', '', '2020-01-28', 'int'),
('1920', 'int', '15', '0', '7758014', 'e', '', '0', '', '2020-01-28', 'int'),
('1920', 'int', '15', '0', '7824674', 'e', '', '0', '', '2020-01-28', 'int'),
('1920', 'int', '15', '1', '7970094', 'i', 'w', '8096242', '1', '2020-01-28', 'int'),
('1920', 'int', '15', '0', '8073978', 'a', '', '0', '', '2020-01-28', 'int'),
('1920', 'int', '15', '1', '8096242', 'i', 'z', '7970094', '0', '2020-01-28', 'int'),
('1920', 'int', '15', '2', '8112654', 'i', 'w', '6572511', '1', '2020-01-28', 'int'),
('1920', 'int', '15', '8', '8182416', 'i', 'w', '7544438', '0', '2020-01-28', 'int'),
('1920', 'int', '15', '0', '8193548', 'a', '', '0', '', '2020-01-28', 'int'),
('1920', 'int', '15', '0', '8224502', 'a', '', '0', '', '2020-01-28', 'int'),
('1920', 'int', '15', '11', '8243312', 'i', 'w', '8305473', '0', '2020-01-28', 'int'),
('1920', 'int', '15', '15', '8271560', 'i', 'w', '7701122', '½', '2020-01-28', 'int'),
('1920', 'int', '15', '0', '8276752', 'e', '', '0', '', '2020-01-28', 'int'),
('1920', 'int', '15', '0', '8291877', 'a', '', '0', '', '2020-01-28', 'int'),
('1920', 'int', '15', '11', '8305473', 'i', 'z', '8243312', '1', '2020-01-28', 'int'),
('1920', 'int', '15', '7', '8314834', 'i', 'w', '6212404', '0', '2020-01-28', 'int'),
('1920', 'int', '15', '14', '8323029', 'i', 'z', '8865549', '1', '2020-01-28', 'int'),
('1920', 'int', '15', '0', '8335415', 'a', '', '0', '', '2020-01-28', 'int'),
('1920', 'int', '15', '0', '8363982', 'a', '', '0', '', '2020-01-28', 'int'),
('1920', 'int', '15', '4', '8372881', 'i', 'w', '7129991', '0', '2020-01-28', 'int'),
('1920', 'int', '15', '5', '8485059', 'i', 'w', '7535396', '½', '2020-01-28', 'int'),
('1920', 'int', '15', '0', '8580374', 'a', '', '0', '', '2020-01-28', 'int'),
('1920', 'int', '15', '0', '8580385', 'a', '', '0', '', '2020-01-28', 'int'),
('1920', 'int', '15', '0', '8617367', 'a', '', '0', '', '2020-01-28', 'int'),
('1920', 'int', '15', '0', '8750093', 'e', '', '0', '', '2020-01-28', 'int'),
('1920', 'int', '15', '13', '8773633', 'i', 'w', '6187885', '1', '2020-01-28', 'int'),
('1920', 'int', '15', '14', '8865549', 'i', 'w', '8323029', '0', '2020-01-28', 'int'),
('1920', 'int', '16', '13', '101', 'i', 'w', '8193548', '0', '2020-02-04', 'int'),
('1920', 'int', '16', '16', '103', 'i', 'z', '7566031', '0', '2020-02-04', 'int'),
('1920', 'int', '16', '0', '104', 'a', '', '0', '', '2020-02-04', 'int'),
('1920', 'int', '16', '18', '105', 'i', 'z', '8580374', '0', '2020-02-04', 'int'),
('1920', 'int', '16', '12', '106', 'i', 'z', '7269834', '1', '2020-02-04', 'int'),
('1920', 'int', '16', '17', '6187885', 'i', 'w', '8865549', '1', '2020-02-04', 'int'),
('1920', 'int', '16', '0', '6192098', 'e', '', '0', '', '2020-02-04', 'int'),
('1920', 'int', '16', '6', '6212404', 'i', 'z', '7535396', '0', '2020-02-04', 'int'),
('1920', 'int', '16', '9', '6214153', 'i', 'z', '7665834', '½', '2020-02-04', 'int'),
('1920', 'int', '16', '3', '6225934', 'i', 'w', '7292043', '1', '2020-02-04', 'int'),
('1920', 'int', '16', '0', '6572511', 'a', '', '0', '', '2020-02-04', 'int'),
('1920', 'int', '16', '15', '6661721', 'i', 'z', '8335415', '½', '2020-02-04', 'int'),
('1920', 'int', '16', '0', '6930957', 'a', '', '0', '', '2020-02-04', 'int'),
('1920', 'int', '16', '0', '6951362', 'a', '', '0', '', '2020-02-04', 'int'),
('1920', 'int', '16', '1', '7099950', 'i', 'w', '7529522', '1', '2020-02-04', 'int'),
('1920', 'int', '16', '0', '7129991', 'a', '', '0', '', '2020-02-04', 'int'),
('1920', 'int', '16', '5', '7210137', 'i', 'w', '7731812', '1', '2020-02-04', 'int'),
('1920', 'int', '16', '10', '7227264', 'i', 'w', '7649213', '0', '2020-02-04', 'int'),
('1920', 'int', '16', '12', '7269834', 'i', 'w', '106', '0', '2020-02-04', 'int'),
('1920', 'int', '16', '0', '7269900', 'a', '', '0', '', '2020-02-04', 'int'),
('1920', 'int', '16', '2', '7282033', 'i', 'z', '8096242', '0', '2020-02-04', 'int'),
('1920', 'int', '16', '3', '7292043', 'i', 'z', '6225934', '0', '2020-02-04', 'int'),
('1920', 'int', '16', '0', '7321534', 'a', '', '0', '', '2020-02-04', 'int'),
('1920', 'int', '16', '11', '7399469', 'i', 'w', '8750093', '0', '2020-02-04', 'int'),
('1920', 'int', '16', '8', '7419621', 'i', 'w', '7640798', '0', '2020-02-04', 'int'),
('1920', 'int', '16', '0', '7428960', 'a', '', '0', '', '2020-02-04', 'int'),
('1920', 'int', '16', '4', '7502143', 'i', 'w', '8112654', '1', '2020-02-04', 'int'),
('1920', 'int', '16', '0', '7518203', 'a', '', '0', '', '2020-02-04', 'int'),
('1920', 'int', '16', '1', '7529522', 'i', 'z', '7099950', '0', '2020-02-04', 'int'),
('1920', 'int', '16', '0', '7535385', 'a', '', '0', '', '2020-02-04', 'int'),
('1920', 'int', '16', '6', '7535396', 'i', 'w', '6212404', '1', '2020-02-04', 'int'),
('1920', 'int', '16', '0', '7544438', 'a', '', '0', '', '2020-02-04', 'int'),
('1920', 'int', '16', '0', '7546242', 'e', '', '0', '', '2020-02-04', 'int'),
('1920', 'int', '16', '16', '7566031', 'i', 'w', '103', '1', '2020-02-04', 'int'),
('1920', 'int', '16', '0', '7579154', 'a', '', '0', '', '2020-02-04', 'int'),
('1920', 'int', '16', '0', '7582102', 'a', '', '0', '', '2020-02-04', 'int'),
('1920', 'int', '16', '8', '7640798', 'i', 'z', '7419621', '1', '2020-02-04', 'int'),
('1920', 'int', '16', '10', '7649213', 'i', 'z', '7227264', '1', '2020-02-04', 'int'),
('1920', 'int', '16', '9', '7665834', 'i', 'w', '6214153', '½', '2020-02-04', 'int'),
('1920', 'int', '16', '0', '7691728', 'e', '', '0', '', '2020-02-04', 'int'),
('1920', 'int', '16', '0', '7699010', 'a', '', '0', '', '2020-02-04', 'int'),
('1920', 'int', '16', '0', '7701122', 'a', '', '0', '', '2020-02-04', 'int'),
('1920', 'int', '16', '0', '7707832', 'a', '', '0', '', '2020-02-04', 'int'),
('1920', 'int', '16', '5', '7731812', 'i', 'z', '7210137', '0', '2020-02-04', 'int'),
('1920', 'int', '16', '0', '7758014', 'a', '', '0', '', '2020-02-04', 'int'),
('1920', 'int', '16', '0', '7824674', 'a', '', '0', '', '2020-02-04', 'int'),
('1920', 'int', '16', '0', '7970094', 'a', '', '0', '', '2020-02-04', 'int'),
('1920', 'int', '16', '0', '8073978', 'a', '', '0', '', '2020-02-04', 'int'),
('1920', 'int', '16', '2', '8096242', 'i', 'w', '7282033', '1', '2020-02-04', 'int'),
('1920', 'int', '16', '4', '8112654', 'i', 'z', '7502143', '0', '2020-02-04', 'int'),
('1920', 'int', '16', '0', '8182416', 'e', '', '0', '', '2020-02-04', 'int'),
('1920', 'int', '16', '13', '8193548', 'i', 'z', '101', '1', '2020-02-04', 'int'),
('1920', 'int', '16', '0', '8224502', 'o', '', '0', '', '2020-02-04', 'int'),
('1920', 'int', '16', '0', '8243312', 'e', '', '0', '', '2020-02-04', 'int'),
('1920', 'int', '16', '0', '8271560', 'a', '', '0', '', '2020-02-04', 'int'),
('1920', 'int', '16', '0', '8276752', 'a', '', '0', '', '2020-02-04', 'int'),
('1920', 'int', '16', '0', '8291877', 'a', '', '0', '', '2020-02-04', 'int'),
('1920', 'int', '16', '0', '8305473', 'e', '', '0', '', '2020-02-04', 'int'),
('1920', 'int', '16', '0', '8314834', 'a', '', '0', '', '2020-02-04', 'int'),
('1920', 'int', '16', '14', '8323029', 'i', 'w', '8773633', '0', '2020-02-04', 'int'),
('1920', 'int', '16', '15', '8335415', 'i', 'w', '6661721', '½', '2020-02-04', 'int'),
('1920', 'int', '16', '0', '8363982', 'a', '', '0', '', '2020-02-04', 'int'),
('1920', 'int', '16', '7', '8372881', 'i', 'z', '8485059', '1', '2020-02-04', 'int'),
('1920', 'int', '16', '7', '8485059', 'i', 'w', '8372881', '0', '2020-02-04', 'int'),
('1920', 'int', '16', '18', '8580374', 'i', 'w', '105', '1', '2020-02-04', 'int'),
('1920', 'int', '16', '0', '8580385', 'a', '', '0', '', '2020-02-04', 'int'),
('1920', 'int', '16', '0', '8617367', 'a', '', '0', '', '2020-02-04', 'int'),
('1920', 'int', '16', '11', '8750093', 'i', 'z', '7399469', '1', '2020-02-04', 'int'),
('1920', 'int', '16', '14', '8773633', 'i', 'z', '8323029', '1', '2020-02-04', 'int'),
('1920', 'int', '16', '17', '8865549', 'i', 'z', '6187885', '0', '2020-02-04', 'int'),
('1920', 'int', '17', '15', '101', 'i', 'w', '7691728', '0', '2020-02-11', 'int'),
('1920', 'int', '17', '20', '103', 'i', 'z', '7701122', '½', '2020-02-11', 'int'),
('1920', 'int', '17', '0', '104', 'a', '', '0', '', '2020-02-11', 'int'),
('1920', 'int', '17', '0', '105', 'a', '', '0', '', '2020-02-11', 'int'),
('1920', 'int', '17', '9', '106', 'i', 'z', '7321534', '1', '2020-02-11', 'int'),
('1920', 'int', '17', '17', '6187885', 'i', 'w', '8224502', '0', '2020-02-11', 'int'),
('1920', 'int', '17', '10', '6192098', 'i', 'w', '7227264', '0', '2020-02-11', 'int'),
('1920', 'int', '17', '6', '6212404', 'i', 'w', '8112654', '0', '2020-02-11', 'int'),
('1920', 'int', '17', '7', '6214153', 'i', 'z', '7649213', '½', '2020-02-11', 'int'),
('1920', 'int', '17', '0', '6225934', 'e', '', '0', '', '2020-02-11', 'int'),
('1920', 'int', '17', '5', '6572511', 'i', 'z', '7292043', '1', '2020-02-11', 'int'),
('1920', 'int', '17', '0', '6661721', 'a', '', '0', '', '2020-02-11', 'int'),
('1920', 'int', '17', '2', '6930957', 'i', 'z', '7544438', '1', '2020-02-11', 'int'),
('1920', 'int', '17', '0', '6951362', 'a', '', '0', '', '2020-02-11', 'int'),
('1920', 'int', '17', '0', '7099950', 'e', '', '0', '', '2020-02-11', 'int'),
('1920', 'int', '17', '0', '7129991', 'e', '', '0', '', '2020-02-11', 'int'),
('1920', 'int', '17', '0', '7210137', 'a', '', '0', '', '2020-02-11', 'int'),
('1920', 'int', '17', '10', '7227264', 'i', 'z', '6192098', '1', '2020-02-11', 'int'),
('1920', 'int', '17', '13', '7269834', 'i', 'z', '8193548', '½', '2020-02-11', 'int'),
('1920', 'int', '17', '0', '7269900', 'a', '', '0', '', '2020-02-11', 'int'),
('1920', 'int', '17', '3', '7282033', 'i', 'w', '7502143', '1', '2020-02-11', 'int'),
('1920', 'int', '17', '5', '7292043', 'i', 'w', '6572511', '0', '2020-02-11', 'int'),
('1920', 'int', '17', '9', '7321534', 'i', 'w', '106', '0', '2020-02-11', 'int'),
('1920', 'int', '17', '11', '7399469', 'i', 'z', '8276752', '1', '2020-02-11', 'int'),
('1920', 'int', '17', '0', '7419621', 'a', '', '0', '', '2020-02-11', 'int'),
('1920', 'int', '17', '0', '7428960', 'e', '', '0', '', '2020-02-11', 'int'),
('1920', 'int', '17', '3', '7502143', 'i', 'z', '7282033', '0', '2020-02-11', 'int'),
('1920', 'int', '17', '0', '7518203', 'a', '', '0', '', '2020-02-11', 'int'),
('1920', 'int', '17', '4', '7529522', 'i', 'z', '7535396', '1', '2020-02-11', 'int'),
('1920', 'int', '17', '0', '7535385', 'e', '', '0', '', '2020-02-11', 'int'),
('1920', 'int', '17', '4', '7535396', 'i', 'w', '7529522', '0', '2020-02-11', 'int'),
('1920', 'int', '17', '2', '7544438', 'i', 'w', '6930957', '0', '2020-02-11', 'int'),
('1920', 'int', '17', '14', '7546242', 'i', 'z', '8773633', '0', '2020-02-11', 'int'),
('1920', 'int', '17', '0', '7566031', 'a', '', '0', '', '2020-02-11', 'int'),
('1920', 'int', '17', '16', '7579154', 'i', 'w', '8073978', '1', '2020-02-11', 'int'),
('1920', 'int', '17', '0', '7582102', 'a', '', '0', '', '2020-02-11', 'int'),
('1920', 'int', '17', '0', '7640798', 'a', '', '0', '', '2020-02-11', 'int'),
('1920', 'int', '17', '7', '7649213', 'i', 'w', '6214153', '½', '2020-02-11', 'int'),
('1920', 'int', '17', '0', '7665834', 'a', '', '0', '', '2020-02-11', 'int'),
('1920', 'int', '17', '15', '7691728', 'i', 'z', '101', '1', '2020-02-11', 'int'),
('1920', 'int', '17', '1', '7699010', 'i', 'z', '7731812', '½', '2020-02-11', 'int'),
('1920', 'int', '17', '20', '7701122', 'i', 'w', '103', '½', '2020-02-11', 'int'),
('1920', 'int', '17', '0', '7707832', 'a', '', '0', '', '2020-02-11', 'int'),
('1920', 'int', '17', '1', '7731812', 'i', 'w', '7699010', '½', '2020-02-11', 'int'),
('1920', 'int', '17', '0', '7758014', 'a', '', '0', '', '2020-02-11', 'int'),
('1920', 'int', '17', '0', '7824674', 'a', '', '0', '', '2020-02-11', 'int'),
('1920', 'int', '17', '0', '7970094', 'a', '', '0', '', '2020-02-11', 'int'),
('1920', 'int', '17', '16', '8073978', 'i', 'z', '7579154', '0', '2020-02-11', 'int'),
('1920', 'int', '17', '0', '8096242', 'e', '', '0', '', '2020-02-11', 'int'),
('1920', 'int', '17', '6', '8112654', 'i', 'z', '6212404', '1', '2020-02-11', 'int'),
('1920', 'int', '17', '8', '8182416', 'i', 'z', '8750093', '1', '2020-02-11', 'int'),
('1920', 'int', '17', '13', '8193548', 'i', 'w', '7269834', '½', '2020-02-11', 'int'),
('1920', 'int', '17', '17', '8224502', 'i', 'z', '6187885', '1', '2020-02-11', 'int'),
('1920', 'int', '17', '18', '8243312', 'i', 'w', '8323029', '1', '2020-02-11', 'int'),
('1920', 'int', '17', '19', '8271560', 'i', 'w', '8580374', '½', '2020-02-11', 'int'),
('1920', 'int', '17', '11', '8276752', 'i', 'w', '7399469', '0', '2020-02-11', 'int'),
('1920', 'int', '17', '0', '8291877', 'a', '', '0', '', '2020-02-11', 'int'),
('1920', 'int', '17', '12', '8305473', 'i', 'z', '8314834', '½', '2020-02-11', 'int'),
('1920', 'int', '17', '12', '8314834', 'i', 'w', '8305473', '½', '2020-02-11', 'int'),
('1920', 'int', '17', '18', '8323029', 'i', 'z', '8243312', '0', '2020-02-11', 'int'),
('1920', 'int', '17', '0', '8335415', 'a', '', '0', '', '2020-02-11', 'int'),
('1920', 'int', '17', '0', '8363982', 'a', '', '0', '', '2020-02-11', 'int'),
('1920', 'int', '17', '0', '8372881', 'a', '', '0', '', '2020-02-11', 'int'),
('1920', 'int', '17', '0', '8485059', 'a', '', '0', '', '2020-02-11', 'int'),
('1920', 'int', '17', '19', '8580374', 'i', 'z', '8271560', '½', '2020-02-11', 'int'),
('1920', 'int', '17', '21', '8580385', 'i', 'z', '8865549', '½', '2020-02-11', 'int'),
('1920', 'int', '17', '0', '8617367', 'a', '', '0', '', '2020-02-11', 'int'),
('1920', 'int', '17', '8', '8750093', 'i', 'w', '8182416', '0', '2020-02-11', 'int'),
('1920', 'int', '17', '14', '8773633', 'i', 'w', '7546242', '1', '2020-02-11', 'int'),
('1920', 'int', '17', '21', '8865549', 'i', 'w', '8580385', '½', '2020-02-11', 'int'),
('1920', 'int', '18', '9', '101', 'i', 'z', '7546242', '0', '2020-02-25', 'int'),
('1920', 'int', '18', '12', '103', 'i', 'w', '8271560', '1', '2020-02-25', 'int'),
('1920', 'int', '18', '0', '104', 'a', '', '0', '', '2020-02-25', 'int'),
('1920', 'int', '18', '0', '105', 'a', '', '0', '', '2020-02-25', 'int'),
('1920', 'int', '18', '5', '106', 'i', 'w', '8182416', '0', '2020-02-25', 'int'),
('1920', 'int', '18', '11', '6187885', 'i', 'z', '7582102', '0', '2020-02-25', 'int'),
('1920', 'int', '18', '7', '6192098', 'i', 'z', '8305473', '0', '2020-02-25', 'int'),
('1920', 'int', '18', '0', '6212404', 'e', '', '0', '', '2020-02-25', 'int'),
('1920', 'int', '18', '6', '6214153', 'i', 'w', '8617367', '½', '2020-02-25', 'int'),
('1920', 'int', '18', '1', '6225934', 'i', 'w', '7099950', '0', '2020-02-25', 'int'),
('1920', 'int', '18', '2', '6572511', 'i', 'w', '7731812', '½', '2020-02-25', 'int'),
('1920', 'int', '18', '0', '6661721', 'a', '', '0', '', '2020-02-25', 'int'),
('1920', 'int', '18', '0', '6930957', 'a', '', '0', '', '2020-02-25', 'int'),
('1920', 'int', '18', '0', '6951362', 'a', '', '0', '', '2020-02-25', 'int'),
('1920', 'int', '18', '1', '7099950', 'i', 'z', '6225934', '1', '2020-02-25', 'int'),
('1920', 'int', '18', '14', '7129991', 'i', 'z', '7529522', '0', '2020-02-25', 'int'),
('1920', 'int', '18', '0', '7210137', 'a', '', '0', '', '2020-02-25', 'int'),
('1920', 'int', '18', '0', '7227264', 'e', '', '0', '', '2020-02-25', 'int'),
('1920', 'int', '18', '0', '7269834', 'e', '', '0', '', '2020-02-25', 'int'),
('1920', 'int', '18', '0', '7269900', 'a', '', '0', '', '2020-02-25', 'int'),
('1920', 'int', '18', '0', '7282033', 'e', '', '0', '', '2020-02-25', 'int'),
('1920', 'int', '18', '3', '7292043', 'i', 'z', '8112654', '0', '2020-02-25', 'int'),
('1920', 'int', '18', '0', '7321534', 'a', '', '0', '', '2020-02-25', 'int'),
('1920', 'int', '18', '0', '7399469', 'a', '', '0', '', '2020-02-25', 'int'),
('1920', 'int', '18', '0', '7419621', 'e', '', '0', '', '2020-02-25', 'int'),
('1920', 'int', '18', '0', '7428960', 'a', '', '0', '', '2020-02-25', 'int'),
('1920', 'int', '18', '0', '7502143', 'a', '', '0', '', '2020-02-25', 'int'),
('1920', 'int', '18', '0', '7518203', 'a', '', '0', '', '2020-02-25', 'int'),
('1920', 'int', '18', '14', '7529522', 'i', 'w', '7129991', '1', '2020-02-25', 'int'),
('1920', 'int', '18', '0', '7535385', 'a', '', '0', '', '2020-02-25', 'int'),
('1920', 'int', '18', '0', '7535396', 'a', '', '0', '', '2020-02-25', 'int'),
('1920', 'int', '18', '0', '7544438', 'a', '', '0', '', '2020-02-25', 'int'),
('1920', 'int', '18', '9', '7546242', 'i', 'w', '101', '1', '2020-02-25', 'int'),
('1920', 'int', '18', '10', '7566031', 'i', 'z', '8224502', '0', '2020-02-25', 'int'),
('1920', 'int', '18', '8', '7579154', 'i', 'w', '8773633', '½', '2020-02-25', 'int'),
('1920', 'int', '18', '11', '7582102', 'i', 'w', '6187885', '1', '2020-02-25', 'int'),
('1920', 'int', '18', '4', '7640798', 'i', 'w', '7665834', '0', '2020-02-25', 'int'),
('1920', 'int', '18', '0', '7649213', 'e', '', '0', '', '2020-02-25', 'int'),
('1920', 'int', '18', '4', '7665834', 'i', 'z', '7640798', '1', '2020-02-25', 'int'),
('1920', 'int', '18', '0', '7691728', 'a', '', '0', '', '2020-02-25', 'int'),
('1920', 'int', '18', '0', '7699010', 'a', '', '0', '', '2020-02-25', 'int'),
('1920', 'int', '18', '13', '7701122', 'i', 'w', '8865549', '½', '2020-02-25', 'int'),
('1920', 'int', '18', '0', '7707832', 'a', '', '0', '', '2020-02-25', 'int'),
('1920', 'int', '18', '2', '7731812', 'i', 'z', '6572511', '½', '2020-02-25', 'int'),
('1920', 'int', '18', '0', '7758014', 'a', '', '0', '', '2020-02-25', 'int'),
('1920', 'int', '18', '0', '7824674', 'a', '', '0', '', '2020-02-25', 'int'),
('1920', 'int', '18', '0', '7970094', 'a', '', '0', '', '2020-02-25', 'int'),
('1920', 'int', '18', '0', '8073978', 'a', '', '0', '', '2020-02-25', 'int'),
('1920', 'int', '18', '0', '8096242', 'a', '', '0', '', '2020-02-25', 'int'),
('1920', 'int', '18', '3', '8112654', 'i', 'w', '7292043', '1', '2020-02-25', 'int'),
('1920', 'int', '18', '5', '8182416', 'i', 'z', '106', '1', '2020-02-25', 'int'),
('1920', 'int', '18', '0', '8193548', 'a', '', '0', '', '2020-02-25', 'int'),
('1920', 'int', '18', '10', '8224502', 'i', 'w', '7566031', '1', '2020-02-25', 'int'),
('1920', 'int', '18', '0', '8243312', 'a', '', '0', '', '2020-02-25', 'int'),
('1920', 'int', '18', '12', '8271560', 'i', 'z', '103', '0', '2020-02-25', 'int'),
('1920', 'int', '18', '0', '8276752', 'e', '', '0', '', '2020-02-25', 'int'),
('1920', 'int', '18', '0', '8291877', 'a', '', '0', '', '2020-02-25', 'int'),
('1920', 'int', '18', '7', '8305473', 'i', 'w', '6192098', '1', '2020-02-25', 'int'),
('1920', 'int', '18', '0', '8314834', 'a', '', '0', '', '2020-02-25', 'int'),
('1920', 'int', '18', '0', '8323029', 'a', '', '0', '', '2020-02-25', 'int'),
('1920', 'int', '18', '0', '8335415', 'a', '', '0', '', '2020-02-25', 'int'),
('1920', 'int', '18', '0', '8363982', 'a', '', '0', '', '2020-02-25', 'int'),
('1920', 'int', '18', '0', '8372881', 'a', '', '0', '', '2020-02-25', 'int'),
('1920', 'int', '18', '0', '8485059', 'a', '', '0', '', '2020-02-25', 'int'),
('1920', 'int', '18', '0', '8580374', 'a', '', '0', '', '2020-02-25', 'int'),
('1920', 'int', '18', '0', '8580385', 'o', '', '0', '', '2020-02-25', 'int'),
('1920', 'int', '18', '6', '8617367', 'i', 'z', '6214153', '½', '2020-02-25', 'int'),
('1920', 'int', '18', '0', '8750093', 'e', '', '0', '', '2020-02-25', 'int'),
('1920', 'int', '18', '8', '8773633', 'i', 'z', '7579154', '½', '2020-02-25', 'int'),
('1920', 'int', '18', '13', '8865549', 'i', 'z', '7701122', '½', '2020-02-25', 'int'),
('1920', 'int', '19', '12', '101', 'i', 'w', '7566031', '1', '2020-03-03', 'int'),
('1920', 'int', '19', '13', '103', 'i', 'w', '8335415', '0', '2020-03-03', 'int'),
('1920', 'int', '19', '0', '104', 'a', '', '0', '', '2020-03-03', 'int'),
('1920', 'int', '19', '0', '105', 'a', '', '0', '', '2020-03-03', 'int'),
('1920', 'int', '19', '0', '106', 'o', '', '0', '', '2020-03-03', 'int'),
('1920', 'int', '19', '14', '6187885', 'i', 'w', '7701122', '1', '2020-03-03', 'int'),
('1920', 'int', '19', '0', '6192098', 'e', '', '0', '', '2020-03-03', 'int'),
('1920', 'int', '19', '6', '6212404', 'i', 'w', '7824674', '1', '2020-03-03', 'int'),
('1920', 'int', '19', '17', '6214153', 'i', 'z', '7640798', '0', '2020-03-03', 'int'),
('1920', 'int', '19', '2', '6225934', 'i', 'z', '7282033', '1', '2020-03-03', 'int'),
('1920', 'int', '19', '5', '6572511', 'i', 'w', '7535396', '½', '2020-03-03', 'int'),
('1920', 'int', '19', '0', '6661721', 'o', '', '0', '', '2020-03-03', 'int'),
('1920', 'int', '19', '16', '6930957', 'i', 'w', '7129991', '0', '2020-03-03', 'int'),
('1920', 'int', '19', '0', '6951362', 'a', '', '0', '', '2020-03-03', 'int'),
('1920', 'int', '19', '1', '7099950', 'i', 'w', '8096242', '0', '2020-03-03', 'int'),
('1920', 'int', '19', '16', '7129991', 'i', 'z', '6930957', '1', '2020-03-03', 'int'),
('1920', 'int', '19', '0', '7210137', 'a', '', '0', '', '2020-03-03', 'int'),
('1920', 'int', '19', '0', '7227264', 'a', '', '0', '', '2020-03-03', 'int'),
('1920', 'int', '19', '9', '7269834', 'i', 'z', '8617367', '½', '2020-03-03', 'int'),
('1920', 'int', '19', '0', '7269900', 'a', '', '0', '', '2020-03-03', 'int'),
('1920', 'int', '19', '2', '7282033', 'i', 'w', '6225934', '0', '2020-03-03', 'int'),
('1920', 'int', '19', '0', '7292043', 'a', '', '0', '', '2020-03-03', 'int'),
('1920', 'int', '19', '0', '7321534', 'e', '', '0', '', '2020-03-03', 'int'),
('1920', 'int', '19', '0', '7399469', 'a', '', '0', '', '2020-03-03', 'int'),
('1920', 'int', '19', '0', '7419621', 'a', '', '0', '', '2020-03-03', 'int'),
('1920', 'int', '19', '0', '7428960', 'a', '', '0', '', '2020-03-03', 'int'),
('1920', 'int', '19', '3', '7502143', 'i', 'z', '7529522', '0', '2020-03-03', 'int'),
('1920', 'int', '19', '0', '7518203', 'a', '', '0', '', '2020-03-03', 'int'),
('1920', 'int', '19', '3', '7529522', 'i', 'w', '7502143', '1', '2020-03-03', 'int'),
('1920', 'int', '19', '0', '7535385', 'a', '', '0', '', '2020-03-03', 'int'),
('1920', 'int', '19', '5', '7535396', 'i', 'z', '6572511', '½', '2020-03-03', 'int'),
('1920', 'int', '19', '0', '7544438', 'w', '', '0', '', '2020-03-03', 'int'),
('1920', 'int', '19', '0', '7546242', 'a', '', '0', '', '2020-03-03', 'int'),
('1920', 'int', '19', '12', '7566031', 'i', 'z', '101', '0', '2020-03-03', 'int'),
('1920', 'int', '19', '0', '7579154', 'a', '', '0', '', '2020-03-03', 'int'),
('1920', 'int', '19', '0', '7582102', 'a', '', '0', '', '2020-03-03', 'int'),
('1920', 'int', '19', '17', '7640798', 'i', 'w', '6214153', '1', '2020-03-03', 'int'),
('1920', 'int', '19', '7', '7649213', 'i', 'w', '8750093', '0', '2020-03-03', 'int'),
('1920', 'int', '19', '4', '7665834', 'i', 'w', '8112654', '1', '2020-03-03', 'int'),
('1920', 'int', '19', '0', '7691728', 'e', '', '0', '', '2020-03-03', 'int'),
('1920', 'int', '19', '0', '7699010', 'a', '', '0', '', '2020-03-03', 'int'),
('1920', 'int', '19', '14', '7701122', 'i', 'z', '6187885', '0', '2020-03-03', 'int'),
('1920', 'int', '19', '0', '7707832', 'a', '', '0', '', '2020-03-03', 'int'),
('1920', 'int', '19', '0', '7731812', 'a', '', '0', '', '2020-03-03', 'int'),
('1920', 'int', '19', '0', '7758014', 'a', '', '0', '', '2020-03-03', 'int'),
('1920', 'int', '19', '6', '7824674', 'i', 'z', '6212404', '0', '2020-03-03', 'int'),
('1920', 'int', '19', '0', '7970094', 'a', '', '0', '', '2020-03-03', 'int'),
('1920', 'int', '19', '0', '8073978', 'e', '', '0', '', '2020-03-03', 'int'),
('1920', 'int', '19', '1', '8096242', 'i', 'z', '7099950', '1', '2020-03-03', 'int'),
('1920', 'int', '19', '4', '8112654', 'i', 'z', '7665834', '0', '2020-03-03', 'int'),
('1920', 'int', '19', '0', '8182416', 'a', '', '0', '', '2020-03-03', 'int'),
('1920', 'int', '19', '10', '8193548', 'i', 'z', '8773633', '1', '2020-03-03', 'int'),
('1920', 'int', '19', '11', '8224502', 'i', 'z', '8580385', '1', '2020-03-03', 'int'),
('1920', 'int', '19', '0', '8243312', 'e', '', '0', '', '2020-03-03', 'int'),
('1920', 'int', '19', '15', '8271560', 'i', 'z', '8323029', '0', '2020-03-03', 'int'),
('1920', 'int', '19', '0', '8276752', 'a', '', '0', '', '2020-03-03', 'int'),
('1920', 'int', '19', '8', '8291877', 'i', 'w', '8314834', '½', '2020-03-03', 'int'),
('1920', 'int', '19', '0', '8305473', 'e', '', '0', '', '2020-03-03', 'int'),
('1920', 'int', '19', '8', '8314834', 'i', 'z', '8291877', '½', '2020-03-03', 'int'),
('1920', 'int', '19', '15', '8323029', 'i', 'w', '8271560', '1', '2020-03-03', 'int'),
('1920', 'int', '19', '13', '8335415', 'i', 'z', '103', '1', '2020-03-03', 'int'),
('1920', 'int', '19', '0', '8363982', 'a', '', '0', '', '2020-03-03', 'int'),
('1920', 'int', '19', '0', '8372881', 'a', '', '0', '', '2020-03-03', 'int'),
('1920', 'int', '19', '0', '8485059', 'a', '', '0', '', '2020-03-03', 'int'),
('1920', 'int', '19', '0', '8580374', 'a', '', '0', '', '2020-03-03', 'int'),
('1920', 'int', '19', '11', '8580385', 'i', 'w', '8224502', '0', '2020-03-03', 'int'),
('1920', 'int', '19', '9', '8617367', 'i', 'w', '7269834', '½', '2020-03-03', 'int'),
('1920', 'int', '19', '7', '8750093', 'i', 'z', '7649213', '1', '2020-03-03', 'int'),
('1920', 'int', '19', '10', '8773633', 'i', 'w', '8193548', '0', '2020-03-03', 'int'),
('1920', 'int', '19', '0', '8865549', 'a', '', '0', '', '2020-03-03', 'int'),
('1920', 'int', '20', '18', '101', 'i', 'z', '8335415', '0', '2020-03-10', 'int'),
('1920', 'int', '20', '20', '103', 'i', 'z', '8323029', '0', '2020-03-10', 'int'),
('1920', 'int', '20', '0', '104', 'a', '', '0', '', '2020-03-10', 'int'),
('1920', 'int', '20', '23', '105', 'i', 'z', '8271560', '0', '2020-03-10', 'int'),
('1920', 'int', '20', '10', '106', 'i', 'w', '7649213', '0', '2020-03-10', 'int'),
('1920', 'int', '20', '19', '6187885', 'i', 'z', '8580385', '0', '2020-03-10', 'int'),
('1920', 'int', '20', '14', '6192098', 'i', 'z', '8193548', '1', '2020-03-10', 'int'),
('1920', 'int', '20', '7', '6212404', 'i', 'z', '7292043', '0', '2020-03-10', 'int'),
('1920', 'int', '20', '9', '6214153', 'i', 'z', '8750093', '0', '2020-03-10', 'int'),
('1920', 'int', '20', '0', '6225934', 'e', '', '0', '', '2020-03-10', 'int'),
('1920', 'int', '20', '3', '6572511', 'i', 'z', '7665834', '0', '2020-03-10', 'int'),
('1920', 'int', '20', '0', '6661721', 'a', '', '0', '', '2020-03-10', 'int'),
('1920', 'int', '20', '0', '6930957', 'a', '', '0', '', '2020-03-10', 'int'),
('1920', 'int', '20', '0', '6951362', 'a', '', '0', '', '2020-03-10', 'int'),
('1920', 'int', '20', '0', '7099950', 'e', '', '0', '', '2020-03-10', 'int'),
('1920', 'int', '20', '0', '7129991', 'e', '', '0', '', '2020-03-10', 'int'),
('1920', 'int', '20', '5', '7210137', 'i', 'z', '7502143', '½', '2020-03-10', 'int'),
('1920', 'int', '20', '0', '7227264', 'a', '', '0', '', '2020-03-10', 'int'),
('1920', 'int', '20', '15', '7269834', 'i', 'w', '8773633', '1', '2020-03-10', 'int'),
('1920', 'int', '20', '0', '7269900', 'a', '', '0', '', '2020-03-10', 'int'),
('1920', 'int', '20', '2', '7282033', 'i', 'z', '7529522', '0', '2020-03-10', 'int'),
('1920', 'int', '20', '7', '7292043', 'i', 'w', '6212404', '1', '2020-03-10', 'int'),
('1920', 'int', '20', '11', '7321534', 'i', 'w', '8305473', '½', '2020-03-10', 'int'),
('1920', 'int', '20', '0', '7399469', 'a', '', '0', '', '2020-03-10', 'int'),
('1920', 'int', '20', '0', '7419621', 'a', '', '0', '', '2020-03-10', 'int'),
('1920', 'int', '20', '0', '7428960', 'e', '', '0', '', '2020-03-10', 'int'),
('1920', 'int', '20', '5', '7502143', 'i', 'w', '7210137', '½', '2020-03-10', 'int'),
('1920', 'int', '20', '0', '7518203', 'a', '', '0', '', '2020-03-10', 'int'),
('1920', 'int', '20', '2', '7529522', 'i', 'w', '7282033', '1', '2020-03-10', 'int'),
('1920', 'int', '20', '0', '7535385', 'e', '', '0', '', '2020-03-10', 'int'),
('1920', 'int', '20', '6', '7535396', 'i', 'w', '7731812', '1', '2020-03-10', 'int'),
('1920', 'int', '20', '0', '7544438', 'a', '', '0', '', '2020-03-10', 'int'),
('1920', 'int', '20', '17', '7546242', 'i', 'w', '7582102', '0', '2020-03-10', 'int'),
('1920', 'int', '20', '21', '7566031', 'i', 'w', '8865549', '1', '2020-03-10', 'int'),
('1920', 'int', '20', '1', '7579154', 'i', 'z', '8144191', '½', '2020-03-10', 'int'),
('1920', 'int', '20', '17', '7582102', 'i', 'z', '7546242', '1', '2020-03-10', 'int'),
('1920', 'int', '20', '0', '7640798', 'a', '', '0', '', '2020-03-10', 'int'),
('1920', 'int', '20', '10', '7649213', 'i', 'z', '106', '1', '2020-03-10', 'int'),
('1920', 'int', '20', '3', '7665834', 'i', 'w', '6572511', '1', '2020-03-10', 'int'),
('1920', 'int', '20', '16', '7691728', 'i', 'w', '8224502', '1', '2020-03-10', 'int'),
('1920', 'int', '20', '0', '7699010', 'a', '', '0', '', '2020-03-10', 'int'),
('1920', 'int', '20', '22', '7701122', 'i', 'z', '8580374', '½', '2020-03-10', 'int'),
('1920', 'int', '20', '0', '7707832', 'e', '', '0', '', '2020-03-10', 'int'),
('1920', 'int', '20', '6', '7731812', 'i', 'z', '7535396', '0', '2020-03-10', 'int'),
('1920', 'int', '20', '4', '7758014', 'i', 'z', '8112654', '1', '2020-03-10', 'int'),
('1920', 'int', '20', '8', '7824674', 'i', 'z', '8182416', '1', '2020-03-10', 'int'),
('1920', 'int', '20', '0', '7970094', 'a', '', '0', '', '2020-03-10', 'int'),
('1920', 'int', '20', '0', '8073978', 'a', '', '0', '', '2020-03-10', 'int'),
('1920', 'int', '20', '0', '8096242', 'e', '', '0', '', '2020-03-10', 'int'),
('1920', 'int', '20', '4', '8112654', 'i', 'w', '7758014', '0', '2020-03-10', 'int'),
('1920', 'int', '20', '1', '8144191', 'i', 'w', '7579154', '½', '2020-03-10', 'int'),
('1920', 'int', '20', '8', '8182416', 'i', 'w', '7824674', '0', '2020-03-10', 'int'),
('1920', 'int', '20', '14', '8193548', 'i', 'w', '6192098', '0', '2020-03-10', 'int'),
('1920', 'int', '20', '16', '8224502', 'i', 'z', '7691728', '0', '2020-03-10', 'int'),
('1920', 'int', '20', '0', '8243312', 'a', '', '0', '', '2020-03-10', 'int'),
('1920', 'int', '20', '23', '8271560', 'i', 'w', '105', '1', '2020-03-10', 'int'),
('1920', 'int', '20', '12', '8276752', 'i', 'z', '8291877', '1', '2020-03-10', 'int'),
('1920', 'int', '20', '12', '8291877', 'i', 'w', '8276752', '0', '2020-03-10', 'int'),
('1920', 'int', '20', '11', '8305473', 'i', 'z', '7321534', '½', '2020-03-10', 'int'),
('1920', 'int', '20', '13', '8314834', 'i', 'z', '8617367', '0', '2020-03-10', 'int'),
('1920', 'int', '20', '20', '8323029', 'i', 'w', '103', '1', '2020-03-10', 'int'),
('1920', 'int', '20', '18', '8335415', 'i', 'w', '101', '1', '2020-03-10', 'int'),
('1920', 'int', '20', '0', '8363982', 'a', '', '0', '', '2020-03-10', 'int'),
('1920', 'int', '20', '0', '8372881', 'a', '', '0', '', '2020-03-10', 'int'),
('1920', 'int', '20', '0', '8485059', 'a', '', '0', '', '2020-03-10', 'int'),
('1920', 'int', '20', '22', '8580374', 'i', 'w', '7701122', '½', '2020-03-10', 'int'),
('1920', 'int', '20', '19', '8580385', 'i', 'w', '6187885', '1', '2020-03-10', 'int'),
('1920', 'int', '20', '13', '8617367', 'i', 'w', '8314834', '1', '2020-03-10', 'int'),
('1920', 'int', '20', '9', '8750093', 'i', 'w', '6214153', '1', '2020-03-10', 'int'),
('1920', 'int', '20', '15', '8773633', 'i', 'z', '7269834', '0', '2020-03-10', 'int'),
('1920', 'int', '20', '21', '8865549', 'i', 'z', '7566031', '0', '2020-03-10', 'int'),
('1920', 'kbe', '1', '4', '6225934', 'e', 'z', '0', '½', '2019-10-27', 'int'),
('1920', 'kbe', '1', '3', '7099950', 'e', 'w', '0', '1', '2019-10-27', 'int'),
('1920', 'kbe', '1', '2', '7428960', 'e', 'z', '0', '1', '2019-10-27', 'int'),
('1920', 'kbe', '1', '1', '7584566', 'e', 'w', '0', '1', '2019-10-27', 'int'),
('1920', 'kbe', '2', '1', '7079743', 'e', 'z', '0', '0', '2019-12-15', 'int'),
('1920', 'kbe', '2', '2', '7428960', 'e', 'w', '0', '1', '2019-12-15', 'int'),
('1920', 'kbe', '2', '4', '7584566', 'e', 'w', '0', '1', '2019-12-15', 'int'),
('1920', 'kbe', '2', '3', '7970094', 'e', 'z', '0', '1', '2019-12-15', 'int'),
('1920', 'kbe', '3', '2', '7079743', 'e', 'z', '0', '0', '2020-02-16', 'int'),
('1920', 'kbe', '3', '1', '7584566', 'e', 'w', '0', '0', '2020-02-16', 'int'),
('1920', 'kbe', '3', '3', '7970094', 'e', 'w', '0', '1', '2020-02-16', 'int'),
('1920', 'kbe', '3', '4', '8285574', 'e', 'z', '0', '0', '2020-02-16', 'int'),
('1920', 'n1', '1', '7', '6225934', 'e', 'w', '0', '1', '2019-10-04', 'int'),
('1920', 'n1', '1', '2', '7099950', 'e', 'z', '0', '1', '2019-10-04', 'int'),
('1920', 'n1', '1', '3', '7129991', 'e', 'w', '0', '1', '2019-10-04', 'int'),
('1920', 'n1', '1', '1', '7428960', 'e', 'w', '0', '1', '2019-10-04', 'int'),
('1920', 'n1', '1', '6', '7509920', 'e', 'z', '0', '1', '2019-10-04', 'int'),
('1920', 'n1', '1', '8', '7535385', 'e', 'z', '0', '0', '2019-10-04', 'int'),
('1920', 'n1', '1', '5', '7879520', 'e', 'w', '0', '1', '2019-10-04', 'int'),
('1920', 'n1', '1', '4', '8096242', 'e', 'z', '0', '½', '2019-10-04', 'int'),
('1920', 'n1', '2', '8', '6225934', 'e', 'w', '0', '1', '2019-11-05', 'int'),
('1920', 'n1', '2', '4', '7099620', 'e', 'w', '0', '0', '2019-11-05', 'int'),
('1920', 'n1', '2', '6', '7099950', 'e', 'w', '0', '1', '2019-11-05', 'int'),
('1920', 'n1', '2', '5', '7129991', 'e', 'z', '0', '0', '2019-11-05', 'int'),
('1920', 'n1', '2', '3', '7428960', 'e', 'z', '0', '1', '2019-11-05', 'int'),
('1920', 'n1', '2', '1', '7509920', 'e', 'z', '0', '½', '2019-11-05', 'int'),
('1920', 'n1', '2', '7', '7707832', 'e', 'z', '0', '½', '2019-11-05', 'int'),
('1920', 'n1', '2', '2', '8096242', 'e', 'w', '0', '1', '2019-11-05', 'int'),
('1920', 'n1', '3', '8', '6225934', 'e', 'z', '0', '0', '2019-11-29', 'int'),
('1920', 'n1', '3', '2', '7099950', 'e', 'z', '0', '1', '2019-11-29', 'int'),
('1920', 'n1', '3', '5', '7129991', 'e', 'w', '0', '1', '2019-11-29', 'int'),
('1920', 'n1', '3', '4', '7428960', 'e', 'z', '0', '1', '2019-11-29', 'int'),
('1920', 'n1', '3', '3', '7509920', 'e', 'w', '0', '0', '2019-11-29', 'int'),
('1920', 'n1', '3', '7', '7535385', 'e', 'w', '0', '0', '2019-11-29', 'int'),
('1920', 'n1', '3', '6', '7707832', 'e', 'z', '0', '½', '2019-11-29', 'int'),
('1920', 'n1', '3', '1', '8096242', 'e', 'w', '0', '0', '2019-11-29', 'int'),
('1920', 'n1', '4', '6', '6225934', 'e', 'w', '0', '1', '2019-12-17', 'int'),
('1920', 'n1', '4', '7', '7099620', 'e', 'z', '0', '½', '2019-12-17', 'int'),
('1920', 'n1', '4', '4', '7129991', 'e', 'w', '0', '1', '2019-12-17', 'int'),
('1920', 'n1', '4', '2', '7428960', 'e', 'w', '0', '1', '2019-12-17', 'int'),
('1920', 'n1', '4', '1', '7509920', 'e', 'z', '0', '0', '2019-12-17', 'int'),
('1920', 'n1', '4', '8', '7535385', 'e', 'w', '0', '1', '2019-12-17', 'int'),
('1920', 'n1', '4', '3', '7707832', 'e', 'z', '0', '½', '2019-12-17', 'int'),
('1920', 'n1', '4', '5', '8096242', 'e', 'z', '0', '1', '2019-12-17', 'int'),
('1920', 'n1', '5', '7', '6225934', 'e', 'z', '0', '½', '2020-02-11', 'int'),
('1920', 'n1', '5', '5', '7099620', 'e', 'z', '0', '1', '2020-02-11', 'int'),
('1920', 'n1', '5', '4', '7099950', 'e', 'w', '0', '1', '2020-02-11', 'int'),
('1920', 'n1', '5', '1', '7129991', 'e', 'z', '0', '½', '2020-02-11', 'int'),
('1920', 'n1', '5', '3', '7428960', 'e', 'z', '0', '1', '2020-02-11', 'int'),
('1920', 'n1', '5', '6', '7509920', 'e', 'w', '0', '½', '2020-02-11', 'int'),
('1920', 'n1', '5', '8', '7535385', 'e', 'w', '0', '½', '2020-02-11', 'int'),
('1920', 'n1', '5', '2', '8096242', 'e', 'w', '0', '1', '2020-02-11', 'int'),
('1920', 'n1', '6', '5', '6225934', 'e', 'w', '0', '½', '2020-03-10', 'int'),
('1920', 'n1', '6', '2', '7099620', 'e', 'z', '0', '0', '2020-03-10', 'int'),
('1920', 'n1', '6', '3', '7099950', 'e', 'w', '0', '0', '2020-03-10', 'int'),
('1920', 'n1', '6', '7', '7129991', 'e', 'w', '0', '½', '2020-03-10', 'int'),
('1920', 'n1', '6', '1', '7428960', 'e', 'w', '0', '1', '2020-03-10', 'int'),
('1920', 'n1', '6', '6', '7535385', 'e', 'z', '0', '0', '2020-03-10', 'int'),
('1920', 'n1', '6', '4', '7707832', 'e', 'z', '0', '0', '2020-03-10', 'int'),
('1920', 'n1', '6', '8', '8096242', 'e', 'z', '0', '1', '2020-03-10', 'int'),
('1920', 'n2', '1', '8', '6214153', 'e', 'z', '0', '1', '2019-10-08', 'int'),
('1920', 'n2', '1', '2', '7292043', 'e', 'z', '0', '1', '2019-10-08', 'int'),
('1920', 'n2', '1', '5', '7468362', 'e', 'w', '0', '½', '2019-10-08', 'int'),
('1920', 'n2', '1', '6', '7504310', 'e', 'z', '0', '1', '2019-10-08', 'int'),
('1920', 'n2', '1', '3', '7529522', 'e', 'w', '0', '1', '2019-10-08', 'int'),
('1920', 'n2', '1', '7', '7731812', 'e', 'w', '0', '0', '2019-10-08', 'int'),
('1920', 'n2', '1', '1', '7758014', 'e', 'w', '0', '1', '2019-10-08', 'int'),
('1920', 'n2', '1', '4', '7824674', 'e', 'z', '0', '1', '2019-10-08', 'int'),
('1920', 'n2', '2', '8', '6214153', 'e', 'w', '0', '1', '2019-11-12', 'int'),
('1920', 'n2', '2', '1', '7292043', 'e', 'z', '0', '1', '2019-11-12', 'int'),
('1920', 'n2', '2', '5', '7468362', 'e', 'z', '0', '1', '2019-11-12', 'int'),
('1920', 'n2', '2', '6', '7504310', 'e', 'w', '0', '1', '2019-11-12', 'int'),
('1920', 'n2', '2', '3', '7529522', 'e', 'z', '0', '1', '2019-11-12', 'int'),
('1920', 'n2', '2', '7', '7731812', 'e', 'z', '0', '0', '2019-11-12', 'int'),
('1920', 'n2', '2', '2', '7758014', 'e', 'w', '0', '½', '2019-11-12', 'int'),
('1920', 'n2', '2', '4', '7824674', 'e', 'w', '0', '½', '2019-11-12', 'int'),
('1920', 'n2', '3', '8', '6214153', 'e', 'z', '0', '1', '2019-11-28', 'int'),
('1920', 'n2', '3', '4', '7282033', 'e', 'z', '0', '0', '2019-11-28', 'int'),
('1920', 'n2', '3', '2', '7292043', 'e', 'z', '0', '½', '2019-11-28', 'int'),
('1920', 'n2', '3', '5', '7468362', 'e', 'w', '0', '½', '2019-11-28', 'int'),
('1920', 'n2', '3', '6', '7504310', 'e', 'z', '0', '0', '2019-11-28', 'int'),
('1920', 'n2', '3', '3', '7529522', 'e', 'w', '0', '0', '2019-11-28', 'int'),
('1920', 'n2', '3', '7', '7731812', 'e', 'w', '0', '0', '2019-11-28', 'int'),
('1920', 'n2', '3', '1', '7758014', 'e', 'w', '0', '0', '2019-11-28', 'int'),
('1920', 'n2', '4', '7', '6214153', 'e', 'z', '0', '0', '2020-01-28', 'int'),
('1920', 'n2', '4', '1', '7292043', 'e', 'z', '0', '½', '2020-01-28', 'int'),
('1920', 'n2', '4', '5', '7468362', 'e', 'z', '0', '½', '2020-01-28', 'int'),
('1920', 'n2', '4', '6', '7504310', 'e', 'w', '0', '1', '2020-01-28', 'int'),
('1920', 'n2', '4', '3', '7529522', 'e', 'z', '0', '1', '2020-01-28', 'int'),
('1920', 'n2', '4', '8', '7731812', 'e', 'w', '0', '1', '2020-01-28', 'int'),
('1920', 'n2', '4', '2', '7758014', 'e', 'w', '0', '½', '2020-01-28', 'int'),
('1920', 'n2', '4', '4', '7824674', 'e', 'w', '0', '½', '2020-01-28', 'int'),
('1920', 'n2', '5', '6', '6214153', 'e', 'z', '0', '½', '2020-03-06', 'int'),
('1920', 'n2', '5', '8', '7282033', 'e', 'z', '0', '0', '2020-03-06', 'int'),
('1920', 'n2', '5', '2', '7292043', 'e', 'z', '0', '1', '2020-03-06', 'int'),
('1920', 'n2', '5', '4', '7468362', 'e', 'z', '0', '½', '2020-03-06', 'int'),
('1920', 'n2', '5', '5', '7504310', 'e', 'w', '0', '1', '2020-03-06', 'int'),
('1920', 'n2', '5', '1', '7529522', 'e', 'w', '0', '1', '2020-03-06', 'int'),
('1920', 'n2', '5', '7', '7731812', 'e', 'w', '0', '1', '2020-03-06', 'int'),
('1920', 'n2', '5', '3', '7824674', 'e', 'w', '0', '1', '2020-03-06', 'int'),
('1920', 'n3', '1', '3', '7210137', 'e', 'w', '0', '½', '2019-10-11', 'int'),
('1920', 'n3', '1', '7', '7227264', 'e', 'w', '0', '0', '2019-10-11', 'int'),
('1920', 'n3', '1', '8', '7269834', 'e', 'z', '0', '0', '2019-10-11', 'int'),
('1920', 'n3', '1', '2', '7269900', 'e', 'z', '0', '0', '2019-10-11', 'int'),
('1920', 'n3', '1', '1', '7282033', 'e', 'w', '0', '0', '2019-10-11', 'int'),
('1920', 'n3', '1', '5', '7649213', 'e', 'w', '0', '½', '2019-10-11', 'int'),
('1920', 'n3', '1', '4', '8276752', 'e', 'z', '0', '0', '2019-10-11', 'int'),
('1920', 'n3', '1', '6', '8750093', 'e', 'z', '0', '0', '2019-10-11', 'int'),
('1920', 'n3', '2', '4', '7210137', 'e', 'w', '0', '1', '2019-11-15', 'int'),
('1920', 'n3', '2', '5', '7227264', 'e', 'z', '0', '0', '2019-11-15', 'int'),
('1920', 'n3', '2', '6', '7269834', 'e', 'w', '0', '1', '2019-11-15', 'int'),
('1920', 'n3', '2', '3', '7269900', 'e', 'z', '0', '1', '2019-11-15', 'int'),
('1920', 'n3', '2', '1', '7282033', 'e', 'z', '0', '0', '2019-11-15', 'int'),
('1920', 'n3', '2', '2', '7649213', 'e', 'w', '0', '0', '2019-11-15', 'int'),
('1920', 'n3', '2', '7', '7691728', 'e', 'z', '0', '0', '2019-11-15', 'int'),
('1920', 'n3', '2', '8', '8073978', 'e', 'w', '0', '0', '2019-11-15', 'int'),
('1920', 'n3', '3', '5', '6212404', 'e', 'z', '0', '½', '2019-12-03', 'int'),
('1920', 'n3', '3', '3', '7210137', 'e', 'z', '0', '0', '2019-12-03', 'int'),
('1920', 'n3', '3', '6', '7227264', 'e', 'w', '0', '1', '2019-12-03', 'int'),
('1920', 'n3', '3', '7', '7269834', 'e', 'z', '0', '1', '2019-12-03', 'int'),
('1920', 'n3', '3', '1', '7282033', 'e', 'z', '0', '0', '2019-12-03', 'int'),
('1920', 'n3', '3', '8', '7518203', 'e', 'w', '0', '½', '2019-12-03', 'int'),
('1920', 'n3', '3', '4', '8276752', 'e', 'w', '0', '1', '2019-12-03', 'int'),
('1920', 'n3', '3', '2', '8750093', 'e', 'w', '0', '1', '2019-12-03', 'int'),
('1920', 'n3', '4', '6', '7227264', 'e', 'z', '0', '0', '2020-01-28', 'int'),
('1920', 'n3', '4', '8', '7269834', 'e', 'z', '0', '1', '2020-01-28', 'int'),
('1920', 'n3', '4', '2', '7269900', 'e', 'z', '0', '0', '2020-01-28', 'int'),
('1920', 'n3', '4', '1', '7282033', 'e', 'w', '0', '0', '2020-01-28', 'int'),
('1920', 'n3', '4', '3', '7399469', 'e', 'w', '0', '1', '2020-01-28', 'int'),
('1920', 'n3', '4', '5', '7649213', 'e', 'w', '0', '1', '2020-01-28', 'int'),
('1920', 'n3', '4', '4', '8276752', 'e', 'z', '0', '0', '2020-01-28', 'int'),
('1920', 'n3', '4', '7', '8750093', 'e', 'w', '0', '1', '2020-01-28', 'int'),
('1920', 'n3', '5', '7', '6212404', 'e', 'z', '0', '0', '2020-02-25', 'int'),
('1920', 'n3', '5', '6', '7227264', 'e', 'w', '0', '½', '2020-02-25', 'int'),
('1920', 'n3', '5', '8', '7269834', 'e', 'w', '0', '0', '2020-02-25', 'int'),
('1920', 'n3', '5', '1', '7282033', 'e', 'z', '0', '½', '2020-02-25', 'int'),
('1920', 'n3', '5', '3', '7419621', 'e', 'z', '0', '0', '2020-02-25', 'int'),
('1920', 'n3', '5', '5', '7649213', 'e', 'z', '0', '½', '2020-02-25', 'int'),
('1920', 'n3', '5', '4', '8276752', 'e', 'w', '0', '½', '2020-02-25', 'int'),
('1920', 'n3', '5', '2', '8750093', 'e', 'w', '0', '½', '2020-02-25', 'int'),
('1920', 'n4j', '1', '5', '6212404', 'e', 'z', '0', '½', '2019-11-01', 'int'),
('1920', 'n4j', '1', '6', '8400183', 'e', 'w', '0', '0', '2019-11-01', 'int'),
('1920', 'n4j', '1', '4', '8461354', 'e', 'w', '0', '0', '2019-11-01', 'int'),
('1920', 'n4j', '1', '1', '8484443', 'e', 'z', '0', '½', '2019-11-01', 'int'),
('1920', 'n4j', '1', '2', '8505585', 'e', 'w', '0', '1', '2019-11-01', 'int'),
('1920', 'n4j', '1', '8', '8547110', 'e', 'w', '0', '1', '2019-11-01', 'int'),
('1920', 'n4j', '1', '3', '8571453', 'e', 'z', '0', '½', '2019-11-01', 'int'),
('1920', 'n4j', '1', '7', '8587337', 'e', 'z', '0', '0', '2019-11-01', 'int'),
('1920', 'n4j', '2', '5', '6212404', 'e', 'w', '0', '1', '2019-11-15', 'int'),
('1920', 'n4j', '2', '6', '8400183', 'e', 'z', '0', '0', '2019-11-15', 'int'),
('1920', 'n4j', '2', '4', '8461354', 'e', 'z', '0', '0', '2019-11-15', 'int'),
('1920', 'n4j', '2', '1', '8484443', 'e', 'w', '0', '1', '2019-11-15', 'int'),
('1920', 'n4j', '2', '2', '8505585', 'e', 'z', '0', '1', '2019-11-15', 'int'),
('1920', 'n4j', '2', '8', '8547110', 'e', 'z', '0', '1', '2019-11-15', 'int'),
('1920', 'n4j', '2', '3', '8571453', 'e', 'w', '0', '0', '2019-11-15', 'int'),
('1920', 'n4j', '2', '7', '8587337', 'e', 'w', '0', '1', '2019-11-15', 'int'),
('1920', 'n4j', '3', '5', '6212404', 'e', 'z', '0', '0', '2019-12-13', 'int'),
('1920', 'n4j', '3', '6', '7691728', 'e', 'w', '0', '0', '2019-12-13', 'int'),
('1920', 'n4j', '3', '3', '8182416', 'e', 'z', '0', '0', '2019-12-13', 'int'),
('1920', 'n4j', '3', '4', '8461354', 'e', 'w', '0', '½', '2019-12-13', 'int'),
('1920', 'n4j', '3', '1', '8484443', 'e', 'z', '0', '0', '2019-12-13', 'int'),
('1920', 'n4j', '3', '2', '8505585', 'e', 'w', '0', '1', '2019-12-13', 'int'),
('1920', 'n4j', '3', '8', '8547110', 'e', 'w', '0', '½', '2019-12-13', 'int'),
('1920', 'n4j', '3', '7', '8587337', 'e', 'z', '0', '1', '2019-12-13', 'int'),
('1920', 'n4j', '4', '5', '6212404', 'e', 'w', '0', '1', '2020-01-31', 'int'),
('1920', 'n4j', '4', '6', '8400183', 'e', 'z', '0', '1', '2020-01-31', 'int'),
('1920', 'n4j', '4', '4', '8461354', 'e', 'z', '0', '0', '2020-01-31', 'int'),
('1920', 'n4j', '4', '1', '8484443', 'e', 'w', '0', '0', '2020-01-31', 'int'),
('1920', 'n4j', '4', '2', '8505585', 'e', 'z', '0', '½', '2020-01-31', 'int'),
('1920', 'n4j', '4', '8', '8547110', 'e', 'z', '0', '1', '2020-01-31', 'int'),
('1920', 'n4j', '4', '3', '8571453', 'e', 'w', '0', '1', '2020-01-31', 'int'),
('1920', 'n4j', '4', '7', '8587337', 'e', 'w', '0', '1', '2020-01-31', 'int'),
('1920', 'n4j', '5', '5', '6212404', 'e', 'z', '0', '0', '2020-03-06', 'int'),
('1920', 'n4j', '5', '4', '8461354', 'e', 'w', '0', '½', '2020-03-06', 'int'),
('1920', 'n4j', '5', '1', '8484443', 'e', 'z', '0', '1', '2020-03-06', 'int'),
('1920', 'n4j', '5', '2', '8505585', 'e', 'w', '0', '½', '2020-03-06', 'int'),
('1920', 'n4j', '5', '8', '8547110', 'e', 'w', '0', '½', '2020-03-06', 'int'),
('1920', 'n4j', '5', '3', '8571453', 'e', 'z', '0', '½', '2020-03-06', 'int'),
('1920', 'n4j', '5', '7', '8587337', 'e', 'z', '0', '½', '2020-03-06', 'int'),
('1920', 'n4j', '5', '6', '8611922', 'e', 'w', '0', '0', '2020-03-06', 'int'),
('1920', 'n5', '1', '3', '6192098', 'e', 'w', '0', '0', '2019-10-15', 'int'),
('1920', 'n5', '1', '2', '7518203', 'e', 'z', '0', '1', '2019-10-15', 'int'),
('1920', 'n5', '1', '6', '7546242', 'e', 'z', '0', '0', '2019-10-15', 'int'),
('1920', 'n5', '1', '4', '8073978', 'e', 'z', '0', '0', '2019-10-15', 'int'),
('1920', 'n5', '1', '1', '8182416', 'e', 'w', '0', '½', '2019-10-15', 'int'),
('1920', 'n5', '1', '5', '8243312', 'e', 'w', '0', '1', '2019-10-15', 'int'),
('1920', 'n5', '2', '4', '6192098', 'e', 'w', '0', '½', '2019-11-19', 'int'),
('1920', 'n5', '2', '2', '7518203', 'e', 'w', '0', '½', '2019-11-19', 'int'),
('1920', 'n5', '2', '3', '7691728', 'e', 'z', '0', '0', '2019-11-19', 'int'),
('1920', 'n5', '2', '5', '8073978', 'e', 'z', '0', '½', '2019-11-19', 'int'),
('1920', 'n5', '2', '1', '8182416', 'e', 'z', '0', '0', '2019-11-19', 'int'),
('1920', 'n5', '2', '6', '8243312', 'e', 'w', '0', '½', '2019-11-19', 'int'),
('1920', 'n5', '3', '2', '7321534', 'e', 'z', '0', '1', '2019-12-12', 'int'),
('1920', 'n5', '3', '6', '7546242', 'e', 'z', '0', '0', '2019-12-12', 'int'),
('1920', 'n5', '3', '3', '7691728', 'e', 'w', '0', '0', '2019-12-12', 'int'),
('1920', 'n5', '3', '5', '8073978', 'e', 'w', '0', '1', '2019-12-12', 'int'),
('1920', 'n5', '3', '1', '8182416', 'e', 'w', '0', '0', '2019-12-12', 'int'),
('1920', 'n5', '3', '4', '8243312', 'e', 'z', '0', '1', '2019-12-12', 'int'),
('1920', 'n5', '4', '4', '6192098', 'e', 'w', '0', '1', '2020-02-04', 'int'),
('1920', 'n5', '4', '2', '7518203', 'e', 'w', '0', '', '2020-02-04', 'int'),
('1920', 'n5', '4', '6', '7546242', 'e', 'w', '0', '½', '2020-02-04', 'int'),
('1920', 'n5', '4', '3', '7691728', 'e', 'z', '0', '½', '2020-02-04', 'int'),
('1920', 'n5', '4', '5', '8073978', 'e', 'z', '0', '', '2020-02-04', 'int'),
('1920', 'n5', '4', '1', '8182416', 'e', 'z', '0', '1', '2020-02-04', 'int'),
('1920', 'n5', '4', '5', '8243312', 'e', 'z', '0', '1', '2020-02-04', 'int'),
('1920', 'n5', '4', '2', '8305473', 'e', 'w', '0', '½', '2020-02-04', 'int'),
('1920', 'n5', '5', '4', '6192098', 'e', 'z', '0', '½', '2020-03-03', 'int'),
('1920', 'n5', '5', '2', '7321534', 'e', 'z', '0', '½', '2020-03-03', 'int'),
('1920', 'n5', '5', '1', '7691728', 'e', 'w', '0', '½', '2020-03-03', 'int'),
('1920', 'n5', '5', '5', '8073978', 'e', 'w', '0', '1', '2020-03-03', 'int'),
('1920', 'n5', '5', '6', '8243312', 'e', 'z', '0', '0', '2020-03-03', 'int'),
('1920', 'n5', '5', '3', '8305473', 'e', 'w', '0', '½', '2020-03-03', 'int'),
('1920', 'n6j', '1', '2', '7321534', 'e', 'w', '0', '½', '2019-11-01', 'int'),
('1920', 'n6j', '1', '4', '8305473', 'e', 'w', '0', '1', '2019-11-01', 'int'),
('1920', 'n6j', '1', '5', '8521480', 'e', 'z', '0', '½', '2019-11-01', 'int'),
('1920', 'n6j', '1', '3', '8547946', 'e', 'z', '0', '½', '2019-11-01', 'int'),
('1920', 'n6j', '1', '6', '8587348', 'e', 'w', '0', '0', '2019-11-01', 'int'),
('1920', 'n6j', '1', '1', '8611922', 'e', 'z', '0', '0', '2019-11-01', 'int'),
('1920', 'n6j', '2', '2', '7321534', 'e', 'z', '0', '1', '2019-11-22', 'int'),
('1920', 'n6j', '2', '5', '8305473', 'e', 'w', '0', '1', '2019-11-22', 'int'),
('1920', 'n6j', '2', '6', '8472530', 'e', 'z', '0', '1', '2019-11-22', 'int'),
('1920', 'n6j', '2', '4', '8521480', 'e', 'z', '0', '1', '2019-11-22', 'int'),
('1920', 'n6j', '2', '3', '8547946', 'e', 'w', '0', '½', '2019-11-22', 'int'),
('1920', 'n6j', '2', '1', '8611922', 'e', 'w', '0', '1', '2019-11-22', 'int'),
('1920', 'n6j', '3', '1', '7321534', 'e', 'z', '0', '0', '2019-12-13', 'int'),
('1920', 'n6j', '3', '4', '8305473', 'e', 'w', '0', '½', '2019-12-13', 'int'),
('1920', 'n6j', '3', '5', '8521480', 'e', 'z', '0', '½', '2019-12-13', 'int'),
('1920', 'n6j', '3', '3', '8547946', 'e', 'z', '0', '½', '2019-12-13', 'int'),
('1920', 'n6j', '3', '6', '8587348', 'e', 'w', '0', '½', '2019-12-13', 'int'),
('1920', 'n6j', '3', '2', '8611922', 'e', 'w', '0', '½', '2019-12-13', 'int'),
('1920', 'n6j', '4', '4', '7321534', 'e', 'z', '0', '0', '2020-02-07', 'int'),
('1920', 'n6j', '4', '5', '8472530', 'e', 'w', '0', '½', '2020-02-07', 'int'),
('1920', 'n6j', '4', '2', '8521480', 'e', 'z', '0', '1', '2020-02-07', 'int'),
('1920', 'n6j', '4', '6', '8536319', 'e', 'z', '0', '0', '2020-02-07', 'int'),
('1920', 'n6j', '4', '3', '8547946', 'e', 'w', '0', '1', '2020-02-07', 'int'),
('1920', 'n6j', '4', '1', '8611922', 'e', 'w', '0', '1', '2020-02-07', 'int'),
('1920', 'n6j', '5', '4', '7321534', 'e', 'w', '0', '1', '2020-03-06', 'int'),
('1920', 'n6j', '5', '6', '8305473', 'e', 'w', '0', '1', '2020-03-06', 'int'),
('1920', 'n6j', '5', '5', '8472530', 'e', 'z', '0', '½', '2020-03-06', 'int'),
('1920', 'n6j', '5', '2', '8521480', 'e', 'w', '0', '1', '2020-03-06', 'int'),
('1920', 'n6j', '5', '1', '8547946', 'e', 'z', '0', '½', '2020-03-06', 'int'),
('1920', 'n6j', '5', '3', '8587348', 'e', 'z', '0', '0', '2020-03-06', 'int'),
('1920', 'nbe', '1', '4', '6225934', 'e', 'w', '0', '½', '2020-01-28', 'int'),
('1920', 'nbe', '1', '3', '7099950', 'e', 'z', '0', '1', '2020-01-28', 'int'),
('1920', 'nbe', '1', '1', '7428960', 'e', 'z', '0', '1', '2020-01-28', 'int'),
('1920', 'nbe', '1', '2', '7707832', 'e', 'w', '0', '1', '2020-01-28', 'int'),
('1920', 'nv1', '1', '2', '7269834', 'e', 'z', '0', '0', '2019-11-21', 'int'),
('1920', 'nv1', '1', '1', '8144191', 'e', 'w', '0', '0', '2019-11-21', 'int'),
('1920', 'nv1', '1', '4', '8335415', 'e', 'z', '0', '½', '2019-11-21', 'int'),
('1920', 'nv1', '1', '3', '8580374', 'e', 'w', '0', '1', '2019-11-21', 'int'),
('1920', 'nv1', '2', '2', '7546242', 'e', 'w', '0', '½', '2019-12-10', 'int'),
('1920', 'nv1', '2', '3', '7579154', 'e', 'z', '0', '1', '2019-12-10', 'int'),
('1920', 'nv1', '2', '4', '8144191', 'e', 'w', '0', '½', '2019-12-10', 'int'),
('1920', 'nv1', '2', '1', '8580385', 'e', 'z', '0', '0', '2019-12-10', 'int'),
('1920', 'nv1', '3', '2', '8144191', 'e', 'z', '0', '1', '2020-02-07', 'int'),
('1920', 'nv1', '3', '3', '8335415', 'e', 'w', '0', '1', '2020-02-07', 'int'),
('1920', 'nv1', '3', '4', '8580374', 'e', 'z', '0', '½', '2020-02-07', 'int'),
('1920', 'nv1', '3', '1', '8580385', 'e', 'w', '0', '1', '2020-02-07', 'int');
